:020000040800F2
:10000000C02B0020C5010008C10A0008B50900087E
:10001000BD0A0008D10800085D13000800000000B8
:10002000000000000000000000000000ED0F0008CC
:10003000D508000800000000E50F0008E9010008ED
:10004000DF010008DF010008DF010008DF01000810
:10005000DF010008DF010008D9080008DF010008FF
:10006000DF010008DF010008DF010008DF010008F0
:10007000DF010008DF010008DF010008DF010008E0
:10008000DF010008DF010008DF010008DF010008D0
:10009000DF010008DF010008DF010008DF010008C0
:1000A000DF010008DF010008DF010008DF010008B0
:1000B000DF010008DF010008DF010008DF010008A0
:1000C000DF010008DF010008DF010008DF01000890
:1000D000DF010008A9120008DF010008DF010008A5
:1000E000DF010008DF010008DF010008DF01000870
:1000F000DF010008DF010008DF010008DF01000860
:10010000DF010008E90F0008DF010008DF01000837
:10011000DF010008DF010008DF010008DF0100083F
:10012000DF010008DF010008DF010008DF0100082F
:10013000DF010008DF010008DF010008DF0100081F
:10014000DF010008DF010008DF010008DF0100080F
:10015000DF010008DF010008DF010008DF010008FF
:10016000DF010008DF010008DF010008DF010008EF
:10017000DF010008DF010008DF01000800000000C7
:10018000DF010008DF010008DF010008DF010008CF
:10019000DF010008DF010008DF01000800000000A7
:1001A000DF010008DF010008DF010008DFF810D0E0
:1001B00000F0BCFA00F094F800480047BD46000883
:1001C000C02B00200648804706480047FEE7FEE7B0
:1001D000FEE7FEE7FEE7FEE7FEE7FEE7FEE7FEE7F7
:1001E00081100008AD01000830B410B50348804705
:1001F00030BCAE4630BC024800470000714C0008DD
:10020000F10F000800BF7047854670472DE9F041A7
:100210000024061B254671F1000605DA012400279B
:10022000D0EB070067EB0101161E73F1000605DA3B
:100230000027D2EB0702012567EB030300F08DF8DE
:1002400086460E4617469C46AC4204D00025D0EBAD
:10025000050E65EB010624B10020D2EB000760EB30
:10026000030C704631463A466346BDE8F08140EAE9
:1002700001039B0703D009E008C9121F08C0042A24
:10028000FAD203E011F8013B00F8013B521EF9D20B
:100290007047D2B201E000F8012B491EFBD2704733
:1002A0000022F6E710B513460A4604461946FFF742
:1002B000F0FF204610BD421C10F8011B0029FBD1A5
:1002C000801A704730B504460020034600E05B1CEE
:1002D000934203D2E05CCD5C401BF8D030BD0000FF
:1002E0007CB507480090074801900546009C04E053
:1002F0002046016808448047241DAC42F8D17CBDEB
:10030000B0A10008B4A1000800F0004230F00040A5
:100310000AD0C10D01F56071C0F3160042EA015127
:10032000C20840071143704700200146704730B5AE
:100330000B46014600202022012409E021FA02F5A3
:100340009D4205D303FA02F5491B04FA02F528443D
:10035000151EA2F10102F1DC30BD2DE9F05F05466A
:10036000002092469B4688460646814640241BE074
:10037000284641464746224600F0FFF953465A4672
:10038000C01A914110D311461846224600F0E6F9F2
:100390002D1A67EB01084F4622460120002100F08C
:1003A000DDF917EB00094E41201EA4F10104DFDC4A
:1003B000484631462A464346BDE8F09F2DE9FE4FA8
:1003C000804681EA0300C00F0C46009021F00041F6
:1003D00023F00045B8EB0200A94105D24046214672
:1003E00090461C460B46024623F00040104347D07F
:1003F000270DC7F30A00C3F30A510290401A019077
:1004000040286BDAC3F3130040F4801B0098924637
:1004100020B10023D2EB030A63EB0B0B0198594682
:10042000C0F14002504600F099F906460D4650468C
:100430005946019A00F0B1F910EB0800614100241F
:1004400087EA115284EAE7731A4340D0009A62B3F4
:10045000019A012A4FEA075215DC001B61EB0201E9
:100460004FF0004202EA0752CDE90042001C41F57C
:10047000801132462B4600F0B1F903B0BDE8F08F91
:1004800040462146F9E7001B61EB0201001C41F5E3
:10049000801300185B412018A2F5001747EB0301F9
:1004A00040EAD570B6196D4111E06D084FEA360685
:1004B00045EAC0754FEA0752001B61EB0201001CC0
:1004C00041F5801149084FEA300000195141324688
:1004D0002B4603B0BDE8F04F00F071B9009801223F
:1004E00040000023D0EB020263EBE073009821464A
:1004F0004FEAE074B8EB000061EB0401E9E783F038
:1005000000435BE781F0004158E72DE9FE4F81EAA7
:10051000030404F0004421F0004100944FF0000B6C
:1005200023F0004350EA01045ED052EA03045BD09A
:10053000C3F30A54C1F30A552C44A4F2F3340194D2
:10054000A0FB0254C1F3130141F48011C3F3130360
:1005500043F4801301FB024400FB034E840A970A14
:1005600044EA815447EA8357A4FB076802958D0A41
:1005700005FB07854FEA932C04FB0C542705029DCD
:100580004FEA065847EA1637B5EB08056EEB070C3D
:10059000870E920E47EA811742EA8312A7FB0201F7
:1005A000B6EB0B0164EB00042B0D43EA0C335E1831
:1005B00044EB1C50DA465146E7FB0201C5F3130435
:1005C0004FEA0B3343EA14534FEA0432019C43EAE7
:1005D0000603A4F10C040294009CCDE900B400F0E1
:1005E000FDF803B0BDE8F08F00200146F9E72DE9E2
:1005F000F04D81EA030404F0004B21F0004514465D
:100600004FF0000A23F0004150EA050220D054EADE
:1006100001021DD0C5F30A570246C5F31303C1F307
:100620001300C1F30A5640F4801543F48013A7EB7E
:100630000608101BD64608F2FD3873EB050002D3FE
:1006400008F1010801E092185B41B8F1000F03DAEC
:1006500000200146BDE8F08D00204FF480110646D1
:1006600084460EE0171B73EB050705D3121B63EBE3
:10067000050306434CEA010C49084FEA3000921882
:100680005B4150EA0107EDD152EA030012D082EA41
:10069000040083EA0501084305D0101BAB4106D2D4
:1006A0000122002306E000224FF0004302E06FF039
:1006B000010253101AEB06004CEB085110EB0A0034
:1006C00041EB0B01BDE8F04D00F079B8C1F30A52DF
:1006D000C1F3130140F2FF3341F480119A4202DA70
:1006E00000200146704740F233439A42A2F233425F
:1006F00002DC524200F041B800F030B830B5041EC0
:1007000071F1000404DB4FF00044404264EB01014E
:10071000141E73F1000405DB1C464FF000435242E7
:1007200063EB0403994208BF904230BD1CB50948F1
:100730000090094801900546009C06E0E06840F002
:10074000010394E8070098471034AC42F6D3FFF752
:1007500031FD000090A10008B0A10008202A04DBB0
:10076000203A00FA02F1002070479140C2F12003C4
:1007700020FA03F3194390407047202A04DB203A03
:1007800021FA02F00021704721FA02F3D040C2F1B1
:1007900020029140084319467047202A06DBCB17F8
:1007A000203A41FA02F043EAE07306E041FA02F32C
:1007B000D040C2F12002914008431946704710B55D
:1007C000141E73F1000408DA401C41F10001921874
:1007D0005B411A4301D120F0010010BD2DE9F04D1D
:1007E00092469B4611B1B1FA81F202E0B0FA80F272
:1007F00020329046FFF7B2FF04460F4640EA0A0057
:1008000041EA0B0153465A46084313D0114653EAB6
:10081000010019D0C8F140025046FFF7AEFF05466F
:100820000E46504659464246FFF798FF084305D00A
:10083000012004E020463946BDE8F08D0020054344
:1008400046EAE0762C4337430A986305E40AA0EBB6
:1008500008000022FD0A44EA47540A3002D500206D
:100860000146E9E7010510196941DDE9084500196C
:100870006941BDE8F04DA2E770B58C1810F8015B36
:1008800015F0070301D110F8013B2A1106D110F829
:10089000012B03E010F8016B01F8016B5B1EF9D12D
:1008A0002B0705D40023521E0DD401F8013BFAE7B3
:1008B00010F8013BCB1A921C03E013F8015B01F81E
:1008C000015B521EF9D5A142D8D3002070BD0000B3
:1008D000FEE70000FEE7000080B5012002F040FFC7
:1008E000002808BF80BD0120BDE8804002F032BF73
:1008F0002DE9F04740F2461541F20008C2F200052A
:100900004AF21810C4F20108288008F5105006F0C9
:1009100057FF28786978C0F34202120342EAC032D6
:10092000C0F3021342EA432200F0800042EA400092
:1009300001F0070240EA421001F008024FF00809F6
:1009400040EA420009EA51024FF0060A10440AEA5E
:10095000111242EAD111084380B207F07DF82878DD
:100960006978C203C0F3420392B2C0F3021542EAAF
:10097000033200F0800042EA452201F0070442EA17
:10098000400001F0080640EA441009EA51070AEA6B
:10099000111C40EA460038434CEAD11140EA0102FA
:1009A00002A14046BDE8F04703F076BF3078253419
:1009B00058000000FEE70000B0B540F20044C4F269
:1009C00002042046012100224FF44073002503F069
:1009D000EFFC2046002102224FF4407303F012FD89
:1009E00020464FF4407103F0DBFC0A2004F0ACF821
:1009F00020464FF4807103F0D1FC052004F0A4F8E8
:100A000020464FF4807103F0CBFC052004F09CF8E5
:100A1000082D05F10105EBD320464FF4807103F05A
:100A2000BFFC20464FF4007103F0B8FC052004F031
:100A30008BF820464FF4007103F0B2FC052004F05F
:100A400083F82046022101224FF4007303F0B0FC2A
:100A50002046012102224FF4007303F0D3FC20460C
:100A6000022101224FF4807303F0A2FC20460121F1
:100A700002224FF4807303F0C5FCA4F5D83420465D
:100A800003F056FD41F68021C0F206012046002207
:100A900003F0E2FC204600210022722303F0A2FDB5
:100AA000204603F075FD20464FF4806103F0CEFC34
:100AB0000A20BDE8B04004F047B80000FEE700009F
:100AC000FEE7000080B58D2000F0C4F8102000F093
:100AD000C1F8AF20BDE8804000F0BCB870B564201C
:100AE00004F032F840F2C805C2F2000540F2E10419
:100AF0002878C2F200040121217000F0ABF82078C0
:100B000088B30126162E0AD0A85D00F0A3F820783D
:100B100001360028F6D1B01E152838BF70BD00245C
:100B200044F0B000C0B200F095F80020002500F0BD
:100B300091F8102000F08EF8002000F06FF9681C8A
:100B400045B2B5F1FF3FF7DCE0B201340328E7D34B
:100B5000B02000F07FF8102000F07CF80020BDE805
:100B6000704000F077B870BD2DE9F04101EBD0186E
:100B70001E4643B2A8F15000C0B2A2F1200723EAFA
:100B8000E37500F067F8102040EA1514204600F0E5
:100B900061F805F00F05284600F05CF8102EF8B259
:100BA00023D149F26001C0F6000101EB00164FF0BD
:100BB000FF3700BFF019407800F030F90137072FF8
:100BC000F8D1A8F14F00C0B200F044F8E0B200F054
:100BD00041F8284600F03EF8F41D082514F8010FEE
:100BE00000F01CF9013DF9D111E048F6386100EB45
:100BF0004000C0F6000101EB40044FF0FF3500BF9C
:100C00006019407800F00AF90135052DF8D1BDE8EA
:100C1000F08100002DE9F04115461278002A08BF46
:100C2000BDE8F08198460E4607460024F8B2F1B2BE
:100C3000D2B24346FFF798FF0837F8B2013478285C
:100C4000E0B288BF02362A5C88BF0027002AEDD1B7
:100C5000BDE8F0812DE9F04140F2E108C2F2000860
:100C600098F80010002900F0CD8045F2004440F2D1
:100C70001871C4F20004C2F2000100220A70487028
:100C8000204640F2016103F09DFC002818BFFFF7E9
:100C900093FE204640F2016103F094FC80B14DF6D2
:100CA000F005CFF6FF752F46013749D2012003F03A
:100CB0004BFF204640F2016103F084FC0028F3D191
:100CC00047F65F162046CFF6FE7603F099FC3546D0
:100CD000013580F0928020464FF4A06103F072FC51
:100CE0000128F5D1002D00F08880204678216FF092
:100CF000010203F06FFC3546013512D2204640F266
:100D0000015103F05FFC012829D0204640F20A512E
:100D100003F058FC0128EFD1204640F20A5103F0BD
:100D20003DFC204603F072FC4DF6F000CFF6FF705C
:100D3000013800BF013060D221688905FAD45CE037
:100D4000FFF73AFE204640F2016103F03BFC002829
:100D5000B6D0013556D2012003F0F6FEF2E7204668
:100D600040F2015103F01AFC354600BF013544D270
:100D7000204640F2075103F025FC0128F6D1E5B3E7
:100D800004F5033540F21873C2F200032846062129
:100D9000002202F049F928460621022202F0A0FAB8
:100DA00020464FF4006103F0EDFB2846062102F0D7
:100DB000ADF83746013727D228460621202202F017
:100DC00013F90128F6D1FFB128460621202202F0AE
:100DD000EFF82846062102F08FF82046002103F0A4
:100DE000D1FB204603F012FC013606D220688005B4
:100DF000FAD4002E18BFBDE8F081FFF7DDFD00201A
:100E000088F80000BDE8F0812846062102F074F859
:100E10002046002103F0B6FBEFE700002DE9F0418A
:100E200040F2E108C2F2000898F80010002900F032
:100E3000CD8045F2004440F2DF01C4F20004C2F26A
:100E4000000140220A704870204640F2016103F020
:100E5000B9FB002818BFFFF7AFFD204640F2016143
:100E600003F0B0FB80B14DF6F005CFF6FF752F46CD
:100E7000013749D2012003F067FE204640F20161AC
:100E800003F0A0FB0028F3D147F65F162046CFF60B
:100E9000FE7603F0B5FB3546013580F092802046A2
:100EA0004FF4A06103F08EFB0128F5D1002D00F076
:100EB0008880204678216FF0010203F08BFB3546D5
:100EC000013512D2204640F2015103F07BFB01288C
:100ED00029D0204640F20A5103F074FB0128EFD1DB
:100EE000204640F20A5103F059FB204603F08EFBE6
:100EF0004DF6F000CFF6FF70013800BF013060D230
:100F000021688905FAD45CE0FFF756FD204640F2DF
:100F1000016103F057FB0028B6D0013556D20120FD
:100F200003F012FEF2E7204640F2015103F036FBD7
:100F3000354600BF013544D2204640F2075103F048
:100F400041FB0128F6D1E5B304F5033540F2DF0398
:100F5000C2F2000328460621002202F065F8284666
:100F60000621022202F0BCF920464FF4006103F092
:100F700009FB2846062101F0C9FF3746013727D271
:100F800028460621202202F02FF80128F6D1FFB1D1
:100F900028460621202202F00BF82846062101F0FF
:100FA000ABFF2046002103F0EDFA204603F02EFBB4
:100FB000013606D220688005FAD4002E18BFBDE89D
:100FC000F081FFF7F9FC002088F80000BDE8F0810F
:100FD0002846062101F090FF2046002103F0D2FAB6
:100FE000EFE70000FEE7000005F0F2BDFEE70000BD
:100FF00001F0F4BB80B543F60400C4F2020041687E
:10100000C1F3810242F20041022AC0F2F40106D08B
:10101000012A1ED147F64001C0F27D1119E0026895
:10102000036802F03F0EC3F3881C03680268C3F331
:101030000143520247F64002C0F27D1258BF0A46F1
:10104000B2FBFEF2022101EB430102FB0CF2B2FB08
:10105000F1F140F20002C2F200021160406804A106
:10106000C0F30310085C116821FA00F0106080BD25
:101070000000000000000000010203040607080948
:1010800082B04EF68851CEF200010A6843F608009D
:1010900042F47002C4F202000A6050F8081C41F0E9
:1010A000010140F8081C00BF50F8081C8907FBD557
:1010B000016801F00C01082966D100210191019A13
:1010C0004F2A05D8019A01320192019A502AF9D388
:1010D00002680092009A22F0F0020092009A42F018
:1010E00080020092009A0260019101994F2905D86F
:1010F00001990131019101995029F9D301680091B9
:10110000009921F0F0010091009941F090010091C7
:101110000099016000210191019A4F2A06D800BF71
:10112000019A01320192019A502AF9D30268009281
:10113000009A22F0F0020092009A42F0A00200927F
:10114000009A0260019101994F2905D80199013156
:10115000019101995029F9D301680091009921F07A
:10116000F0010091009941F0B001009100990160F7
:101170000021019101994F2906D800BF0199013141
:10118000019101995029F9D301684FF0000C21F029
:1011900003010160CDF804C0019A12097C2A06D827
:1011A000019A01320192019AB2F5FA6FF8D350F820
:1011B000082C4FF6FF73CFF6F6631A4040F8082C60
:1011C00050F8082C22F4802240F8082CC0F800C007
:1011D000026843F21002C2F2004240F8042CC0F848
:1011E00004C050F8082C42F4803240F8082C4FF626
:1011F000FE7200BF50F8081C013A4CF1000389034D
:1012000002D4002BF6D100BF50F8081C8903FBD58F
:10121000826B47F2000142F08052C4F20001826307
:101220000A6842F440420A6002680260026842F4BE
:1012300000420260026842F4A052026047F61902BE
:10124000C0F6402240F8042C50F8082C42F080727E
:1012500040F8082C50F8082C9201FBD50A6842F49B
:1012600080320A604A68D203FCD50A6842F4003230
:101270000A6000BF4A689203FCD501680191019998
:1012800021F003010191019941F0020101910199BD
:10129000016000BF01680907FCD54FF00060002124
:1012A00002B003F08FBB000070B546F20044C4F2F8
:1012B0000204A4F5AA3540F20431C0F20401284624
:1012C00007F00EF9002808BF70BD284607F066F841
:1012D0002046052101F010FE2046052102F006F807
:1012E000B0F5007F20D0C0F50075B5F5007F1BD8A4
:1012F00040F2BC76C2F20006B5F5FF7F88BF40F22F
:10130000FF15C5F500717019FEF7CAFF40F6BC1154
:10131000C2F2000130462A46FEF7A9FF40F24C70A7
:10132000C2F200000121017040F6BC10C2F20000C0
:101330004FF40071FEF7B4FF20460521202201F092
:1013400037FE204605214FF4007201F0C9FF204608
:101350000521BDE8704001F0D9BD0000FEE70000A6
:10136000B0B540F24815EFF3108472B6C2F2000532
:101370000120287603F060FC03F03CFC84F3108825
:1013800006F054FF0020C5E90000C5E90200BDE8F1
:10139000B04000F001B8000070470000816841F0E3
:1013A0000801816081680907FCD4816841F004016B
:1013B000816000BF81684907FCD4704780B502296D
:1013C0000AD001291CD1511E102919D24FF4700ED8
:1013D0006FF4700C2C2308E0511E032988BF80BDD8
:1013E0004FF4401E6FF4401C3823195801EA0C01D9
:1013F00019500EEB02511A5801EA0E01114319500F
:1014000080BD000042F20431C4F201010A6822F4F6
:10141000E0220A600A681043086070478268002969
:1014200022F4006218BF02F500628260704700007B
:10143000816821F00101816070470000816821F41A
:101440008071816070470000816841F48071816023
:1014500070470000816841F40071816070470000AE
:101460008168C90718BF7047816841F00101816038
:1014700070470000012907D0022918BF70474FF0BC
:10148000140C6FF4401303E04FF01C0C6FF040534A
:10149000816802FA0CF21940816081681143816011
:1014A00070470000012905D0022918BF70476FF46A
:1014B000702101E06FF0706183681940816081687C
:1014C000114381607047000010B5052904D800F170
:1014D000340C01EB810E10E00B2906D801EB8101E1
:1014E00000F1300CA1F11E0E07E00F2910D801EB1E
:1014F000810100F12C0CA1F13C0EDCF800101F243E
:1015000004FA0EF4A14302FA0EF42143CCF80010C1
:10151000092A03D8103002EB420106E0122A88BFE4
:1015200010BD02EB42010C301E39026807248C40CA
:10153000A24303FA01F11143016010BD012905D056
:10154000022918BF70474FF4800101E04FF080413D
:10155000826811438160704732B1CA0518D44A05C8
:101560001CD4890720D47047CA0503D5426822F4E9
:10157000807242604A0503D5426822F4806242606C
:10158000890758BF7047816821F002018160704768
:10159000426842F4807242604A05E2D5426842F4F1
:1015A000806242608907DED5816841F00201816076
:1015B0007047000042F20431C4F201010A6822F0CF
:1015C0001F020A600A6810430860704740F26C10FE
:1015D000C2F20000008840F2FA11C2F20001088055
:1015E00040F6E441484340F6BC31000BC2F2000132
:1015F0000880704780B582B044F6F15C44F6696EAD
:1016000040F20400C0F6000CC0F6000EC2F200006A
:10161000072100220023CDE900EC01F06DFE02B0AD
:1016200080BD000070B5EFF3108472B603F03EFB8E
:1016300003F034FB40F24816C2F2000688B103F012
:10164000D9FA03F0F1FAEFF3108272B6D6E9003559
:10165000C0186941013041F10001C6E9000182F37F
:10166000108802F011FEC6E9000103F0BBFA84F312
:10167000108870BD70B58AB040F6024004F002F8E0
:1016800041F2081003F0FEFF40F6164003F0FAFFA7
:101690004FF44030FFF7B6FE42F20004C4F20104FA
:1016A00004F56840032100220523002602F080FE95
:1016B00004F5A2352846002101F052FC04F14C004B
:1016C00001900120029040F26C10C2F20000CDE9BE
:1016D00003064FF400600590022008904FF400309C
:1016E000099001AA28460021079601F04DFD2846E1
:1016F0000021002201F014FC2846002101F026FC04
:101700002846002101F002FC0020FFF753FF20468D
:1017100002210122FFF720FF20464FF480710122B1
:10172000FFF71AFF20460021FFF778FE204601212F
:101730000222FFF743FE204600210A220123FFF781
:10174000C3FE204601210C220123FFF7BDFE2046E7
:1017500001210022FFF7A6FE204601210022FFF70B
:1017600089FE2046FFF776FE2046FFF76DFE2046F5
:10177000FFF776FE012001F027F82046FFF70EFE66
:1017800020460121FFF7DAFE0AB070BD10B540F621
:10179000014003F077FF40F6044003F073FF4FF47D
:1017A000406003F06FFF0024C4F2020404F580508F
:1017B0000021012248F6D00302F0FAFD04F5806012
:1017C00000210122012302F0F3FD20460021012225
:1017D0000123BDE8104002F0EBBD000070B584B0FD
:1017E0004FF4406003F04EFF41F21D0003F04AFF4A
:1017F00041F2040003F046FF47F20044C4F2000443
:1018000004F5C630032100221023002602F0D0FD8B
:10181000204600F06FFF20460021002200F0B0FFBC
:101820002046002100F0A0FF20460021002200F009
:10183000B9FF2046002100F08BFFA4F5C8442046E4
:1018400006F0BEFB6D46284606F0C8FCEF20CDE949
:10185000000663200290204629468DF80C6006F0B1
:101860005FFC2046202106F0B1FC204606F052FC29
:1018700004B070BD2DE9F04F81B041F21C0003F0BF
:1018800001FF40F2000AC4F2020AAAF5704472B6DF
:1018900020464FF4417106F00BFE252003F032F88C
:1018A0002046002106F0ECFD40F6284B45F2D870AA
:1018B000C4F2020B0BEB00073846052101F01CFBBC
:1018C000204606F0D7FDAAF5DE3420464FF44171DC
:1018D00006F0EEFD262003F015F82046002106F064
:1018E000CFFD45F2D8300BEB00052846052101F06D
:1018F00003FB204606F0BEFDAAF5DC3420464FF47B
:10190000417106F0D5FD272002F0FCFF20460021A2
:1019100006F0B6FD2846012101F0EEFA204606F059
:10192000A9FDAAF56C4420464FF4417106F0C0FDB4
:10193000472002F0E7FF2046002106F0A1FD3846CF
:10194000012101F0D9FA204606F094FDFFF7BAF81C
:10195000AAF5D6342046002102F014FE28460621BE
:1019600001F0CAFA204602F007FE40F20048C4F235
:1019700002084046032100224FF4407302F018FD94
:1019800050464FF4004102F00BFD0BF576794846C6
:101990004FF4806102F004FDAAF550463046012163
:1019A00005F0F8FE3046002105F0F4FEAAF54C449F
:1019B0002046012105F0EEFE2046002105F0EAFE5A
:1019C0003846022101F098FA3846032101F094FAD2
:1019D0003846042101F090FA304605F0D5FE204645
:1019E00005F0D2FE312002F08DFF05F031FE05F04A
:1019F000A9FD05F09DFC05F01FFE3846032101F00E
:101A00007BFAAAF560442046FFF712FD2046FFF757
:101A100015FD3846002101F06FFAAAF5C6342046BC
:101A2000002100F079FE2046002100F083FE2846C8
:101A3000052101F061FAAAF5F83006F065FB4FF4D4
:101A4000406003F01FFE40F6014003F01BFE40F62D
:101A5000024003F017FE40F6034003F013FE40F689
:101A6000044003F00FFE4FF480664FF40060CBF8A3
:101A70000060CBF800004FF48050CBF800004FF42A
:101A80000050CBF800004FF48040CBF800004FF43A
:101A9000004448460321002248F6D003CBF800401A
:101AA00002F086FC404603210022012302F080FC64
:101AB0005046032100224FF4007302F079FC504697
:101AC000032100224FF4806302F072FCABF128077F
:101AD000384603210022202302F06AFC3846032105
:101AE0000022402302F064FC3846032100224FF418
:101AF000807302F05DFC3846032100224FF400732E
:101B000002F056FC08F58065284603210022402398
:101B100002F04EFC284603210022802302F048FCFC
:101B20004046032100224FF4407302F041FC40463E
:101B300003210022382302F03BFC50460121002201
:101B40004FF4004302F034FC5046002100224FF4D1
:101B5000004302F057FC4FF61840CFF6FF7048F8EC
:101B600000404846032100224FF4E0434FF4004474
:101B700002F01EFC4846012100224FF4806302F06F
:101B800017FC4846002100224FF4806302F03AFC23
:101B90002846032100220523CBF8F0634FF480662A
:101BA00002F006FC504603210022102302F000FC44
:101BB0002846032100224FF4F85302F0F9FB38467F
:101BC00003210022042302F0F3FB504600210122EE
:101BD000012302F0EDFB4FF4406003F053FD41F2AE
:101BE0000E1003F04FFD504600210122012302F0A8
:101BF000DFFB0020002106F04BF80120002102222B
:101C000001F05AFD012001F0A5FD0620012100226E
:101C100002F08EFE002003F05DF8012003F05AF878
:101C2000FFF700FD4EF21000CEF200000168002226
:101C300021F00201016062B601204FF4402103F05F
:101C400059F8FFF71DFAFFF7D5F906F063F806F02B
:101C5000EDFA40F6034003F015FD3846012101225C
:101C60004FF47C4302F0A4FB3846002102224FF4DB
:101C70007C4302F0C7FB4FF40060CBF80060CBF868
:101C800000004FF48050CBF800004FF40050CBF828
:101C900000004FF48040CBF8000040F60140CBF844
:101CA000004003F0EFFC40F6044003F0EBFC4FF47F
:101CB000406003F0E7FC48460021012248F6D003CB
:101CC00002F076FB404600210122012302F070FB66
:101CD000504600210122012302F06AFB00F0B8F90E
:101CE00000F0D6F8FEF7FAFEFFF7C4FCFFF776FD2A
:101CF00000F008F800F054F801B0BDE8F04F04F02F
:101D00004FBD000070B588B040F6014003F0BAFC4A
:101D10004FF4406003F0B6FC41F20C1003F0B2FC4B
:101D200040F6154003F0AEFC40F20044C4F2020459
:101D300020460521382202F0F9FA2046022100222D
:101D40003823002602F034FB2046002102223823EB
:101D500002F058FBA4F580652846012100224FF4CB
:101D6000004302F025FB2846002102224FF40043E5
:101D700002F048FB4FF482700190032006904FF46C
:101D80000070049010200790A4F5544001A9029619
:101D90000396059605F0F0FE05F046FD08B070BD0F
:101DA00070B588B040F6044003F06CFC41F20D10B1
:101DB00003F068FC40F6164003F064FC41F20004B6
:101DC000C4F20204204605214FF4E04202F0AEFACC
:101DD0002046022100224FF4E043002502F0E8FAF9
:101DE0002046002102224FF4E04302F00BFB204684
:101DF000012100224FF48063012602F0D9FA204627
:101E0000002102224FF4806302F0FCFA4FF482704A
:101E100001904FF40070049010200790A4F55C40EE
:101E200001A9029503950696059505F0A5FEFEF716
:101E30005FFD08B070BD0000B0B540F6034003F090
:101E400021FC40F62845C4F20205A5F128042046ED
:101E5000012101224FF47C4302F0AAFA204600211E
:101E600002224FF47C4302F0CDFA4FF480602860E8
:101E70004FF4006028604FF4805028604FF4005009
:101E800028604FF4804028604FF400402860B0BDC7
:101E90002DE9F04389B040F6014003F0F3FB41F235
:101EA000150003F0EFFB40F6154003F0EBFB40F2AA
:101EB0000044C4F20204204604214FF4007202F0F0
:101EC00035FA204604214FF4807202F02FFA2046A2
:101ED000022101224FF400734FF002084FF0010974
:101EE00002F066FA2046012102224FF4007302F04C
:101EF00089FA2046022101224FF4807302F058FA39
:101F00002046012102224FF4807302F07BFAA4F5EF
:101F1000D83541F68021C0F206012846002200276C
:101F200002F09AFA284600210022722302F05AFB9E
:101F3000284602F02DFB28464FF4806102F086FA15
:101F400004F5B8452846062101F00AF86E463046E9
:101F500001F05EF94020069040F2DF00C2F200007E
:101F6000CDE90207A4F5D030A0F57F60CDE90009E6
:101F70004FF4403008902846062132460497CDF8A9
:101F80001C8001F001F92846062100F0D5FF284603
:101F90000621012200F0C4FF09B0BDE8F083000073
:101FA000B0B541F21C0003F06DFB02F089FE4FF466
:101FB000E05003F075FA4FF4E05003F081FA4FF46B
:101FC000807003F08FFB40F23074C2F20004FF20F7
:101FD00040F22C752060C2F200057F20286041F697
:101FE0000F4003F04FFB03F03BFC43F67000C4F2DC
:101FF0000200006840F26811C0F30120C2F2000143
:102000000860296840F23870C2F20000018121683E
:102010004181252101700621C17043F20401A0F81D
:1020200001100021C0E9031145F6231181805021E0
:10203000817103F08FFB30B142F65000C4F2000012
:1020400043F2F021016003F0C3F90020B0BD0000AD
:10205000B0B58AB040F6164003F014FB41F200041C
:10206000C4F2010404F5AA352846052100F078FFE2
:1020700040F6BC110020C2F20001CDE903104FF47C
:1020800000710891211D07900191012105904FF4E5
:1020900040300291099001AA2846052101F074F808
:1020A0002846052100F048FF28460521042200F0BB
:1020B00037FF2846052100F029FF4FF4406003F068
:1020C000E1FA41F2041003F0DDFA04F57045284608
:1020D00007214FF4007202F029F9284607214FF436
:1020E000806202F023F92846022101224FF4007396
:1020F00002F05EF92846002102224FF4007302F03C
:1021000081F92846022101224FF4806302F050F940
:102110002846002102224FF4806302F073F9204622
:1021200006F044F920464FF4E13106F0D7F8204696
:10213000042106F0E7F92046082106F0E9F92046D7
:10214000402106F09DF9204606F0A4F92520002143
:10215000002202F0EDFB20464FF4417106F0B4F985
:102160000AB0B0BDFFF774BF80B502F08DF802F081
:10217000E1FCBDE8804001F0EFB8000070B596B01A
:1021800041F2000404A8C4F2010403F0F7FF1D2883
:102190000BD15BA1204602F07FFB9DF84800072889
:1021A00006D85EA151F8201006E0024646A186E05E
:1021B00049F6B841C0F60001204602F06DFB0C98CC
:1021C0004FF4806101EB802503F0A0FF064603F089
:1021D0009DFF00EE100A9FED591AB8EE400A20EE5E
:1021E000010A20EE010A10EE100AFEF78DF841EC0C
:1021F000100B49F65D51C0F60001204632468DEDC8
:10220000000B02F049FB49F62951C0F600012046B7
:102210004FF4007202F040FB49F64351C0F6000152
:1022200020462A4602F038FB9DF8102049F65B3123
:10223000C0F60001204602F02FFBBDF8122049F63F
:102240004031C0F60001204602F026FB059849F611
:10225000E841000E8DF80A000598C0F60001000C58
:102260008DF80B0005980DF10A02000A8DF80C009C
:1022700005988DF80D009DF818008DF80E000020CF
:102280008DF80F00204602F007FB9DF819009DF81D
:102290001910020901F00F0349F69331C0F600014D
:1022A000204602F0F9FA079A49F67331C0F60001A8
:1022B000204602F0F1FA9DF8240021A1421C20469C
:1022C00002F0EAFA16B070BD0D0A4661696C6564E9
:1022D00020746F206765742053442063617264200A
:1022E000696E666F726D6174696F6E2C20657272B3
:1022F0006F7220636F64653A2025640D0A00000048
:102300000D0A2A2A2A205344204361726420496E10
:10231000666F202A2A2A0D0A00000000149B00087C
:10232000E89A0008259C0008B89C0008B89C0008A2
:10233000489C00088D9C0008659C00080000803ABD
:102340004353442056657273696F6E3A2025642E9C
:10235000300D0A0010B5044640780A4604F13001F9
:10236000012300F085FD00281CBF032010BDB4F838
:102370002E024AF6552188421CBF022010BD94F857
:10238000672094F8683094F86610120244F2461000
:1023900042EA0342C0F254001144814204BF0020CB
:1023A00010BD94F8832094F8843094F882101202BF
:1023B00042EA03421144081A18BF012010BD000070
:1023C0002DE9F04381B007683B78303B092B0AD8F0
:1023D0007E783A2E06BF02370760002333B10B2008
:1023E00001B0BDE8F0830023002BF8D140F240108B
:1023F000C2F2000004680C603CB32078154670B14E
:10240000607800F055FDC10709D1410728460A222E
:10241000002D18BF02EAE17001B0BDE8F083002092
:10242000208000F0F5FCC10713D1002D18BF10F07B
:10243000040012D1607804F13005294600220123FE
:1024400000F016FD68B1032032E00C2001B0BDE8B9
:10245000F083032001B0BDE8F0830A2001B0BDE89D
:10246000F083B4F82E024AF65521884211D194F82F
:10247000672094F8683094F86610120244F246100F
:1024800042EA0342C0F254001144814203D10020C9
:102490000EE002200CE094F8832094F8843094F845
:1024A0008210120242EA03421144081A18BF0120A6
:1024B000012809D194F8F21131B1D4F8F66120461F
:1024C0003146FFF747FF00E0002628B1032828D156
:1024D000012001B0BDE8F083B4F83B00B0F5007F07
:1024E0001FD1B4F84600002808BF606D94F8403052
:1024F000E061D91E11F1020FE37012D394F83D1080
:102500004A1E81EA0207FFB2D2B29742A17008D9EF
:1025100094F8417094F8422047EA02223F07228152
:1025200003D00D2001B0BDE8F083B4F84370002F54
:1025300008BF276DB4F83E90B9F1000FF1D000FB51
:1025400003FE0EEB12134B449F42EAD3FF1A8F4255
:10255000E7D3B7FBF1F140F6F5774FF00108B94248
:102560004FF6F67788BF4FF00208B942334428BFD0
:102570004FF0030801F1020CA36206EB0903B94214
:10258000C4F818C0236212D2002ACAD003EB0E028C
:10259000A1F6F6731B0B0E2B626291BF4FEA4C0241
:1025A0000CEB4C0201F0010303EB520205E0002AA0
:1025B000B7D1E26D62624FEA8C0202F2FF12B0EB19
:1025C000522FAED34FF6F6704FF0FF320023814208
:1025D0004FF00000C4E9033225D3B4F860106071F5
:1025E00060788A1929460123626100F041FCD0B964
:1025F000B4F82E024AF65521884214D1206B45F2D8
:102600005221C4F2611188420DD1D4F8140247F26C
:102610007221C6F24111884205D1D4F81802D4F8CB
:102620001C12C4E9031040F24410C2F200000188F9
:1026300084F80080013101800020E180E062207197
:1026400001B0BDE8F0830000F0B581B00D4604464E
:1026500041B12046294601F0B3FD022809D20120EC
:1026600001B0F0BDE76857B1A069874228BF0127D4
:1026700006E0A1692F46884202D201B0F0BD0127D1
:102680003E4600BFA0690136864228BF022601D31C
:10269000022F0AD32046314601F092FD411CECD0B6
:1026A00030B10128E9D0BE42ECD1002001B0F0BD2C
:1026B000204631466FF0704202F082FD014635B18E
:1026C00029B920462946324602F07AFD014631B149
:1026D0000120012908BF4FF0FF3001B0F0BD206993
:1026E000E660411C03D00138206101206071304652
:1026F00001B0F0BD47F20041C4F20001884218BFAA
:10270000704780B540F61D0002F0DCFF40F61D006A
:10271000BDE8804002F0C6BF29B1012918BF70474B
:102720006FF4803101E06FF0010102681140016037
:102730007047000029B1012918BF70476FF0805120
:1027400001E06FF4805102681140016070470000A1
:1027500029B1012918BF70474FF4803100E00121F1
:10276000026811430160704729B1012918BF704701
:102770004FF4802100E0042102681143016070479A
:10278000012906D0002918BF7047016821F03801DF
:1027900003E00168120421F4601101600168114333
:1027A00001607047012906D0002918BF70470168F1
:1027B00021F0C00103E00168120421F4400101602E
:1027C000016811430160704740F2FC11C2F2000140
:1027D000086000BF08680028FCD1704740F2FC1078
:1027E000C2F200000168002908BF70470168013982
:1027F000016070472DE9F04F81B00021044600F0E0
:10280000B1FA10B101B0BDE8F08FFF274FF6FF75A8
:102810004FF00D094FF0FF0B2068216901F0FEFF1A
:102820000028EFD166693178E52909D0002900F048
:102830008E80F27A130702F03F0209D50F2A07D0E3
:10284000FF272046002100F087F80028E4D0D9E7D0
:102850000F2A1ED1D4F81C80B8F1000FF1D0480621
:1028600006D596F80DB0E08801F0BF010F46208430
:10287000F8B28142E4D1707B8345E1D13078012503
:1028800000F0BF0000FB09F0A0F10D094FF0000AB5
:102890002EE039060FD100224FF0FF317318D2B26B
:1028A00057085B7847EAC21201310A291A44F5D168
:1028B000D1B28B45A6D0A1692584CA7AD207BFD1EF
:1028C000002300BF0B2B9DD01A46F35C8F5CBB42EC
:1028D00002F10103F6D00B2AB2D193E74FF6FF7550
:1028E000A84232D100250AF1010ABAF10D0F18D021
:1028F00049F25060C0F6000010F80A00002D305A6E
:1029000080B2EBD001F0C8FAB9F1FE0F10D805463D
:1029100038F8190001F0C0FA854209D109F101091E
:10292000E1E73078400605D525B138F8190008B13F
:10293000012000E000204FF6FF75013F4FF00D0928
:10294000002818BF4FF0FF377BE70120F5E7042090
:1029500001B0BDE8F08F00002DE9F047C288541C9B
:10296000A7B2A74228D1036933B314F00F0509D0E9
:102970000168002701EB45113031C4804161F8B294
:10298000BDE8F087C268013303618AB103689E78AD
:10299000013E16EA171FEBD10E4682461846114635
:1029A00001F00EFC02280BD20227F8B2BDE8F08736
:1029B000016809898F42DBD30427F8B2BDE8F087AC
:1029C0000146013015D0DAF800205046936999424B
:1029D00067D396B1C1681046FFF736FE0146013055
:1029E00014D071B10129504615D14FF000090227CA
:1029F00053E00127F8B2BDE8F0874FF00009042743
:102A00004BE04FF000090727504646E04FF0000921
:102A10000127504641E00068884600214FF0000938
:102A200001F0FCFE10B10127504635E0DAF8000055
:102A30004FF4007130305646FDF732FCDAF80020D2
:102A400041469369A8F10201023B5046994204D2E3
:102A50009378976A01FB037300E000230168002666
:102A60008F78D3629FB101274FF000090F7108469C
:102A7000002101F0D3FE0028D6D1DAF8001001368B
:102A8000CA6A8B78504601329E42CA62EED3CA6A45
:102A90004FF00109921BCA624146B9F1000F3FF4A1
:102AA0006EAF02688B1E9769C160023FBB4204D2C1
:102AB0009178926A03FB012100E00021016157E750
:102AC0002DE9F04F87B0D0E9066A83463068F37A83
:102AD0007168D6F807200290D8070391CDF80F202F
:102AE00003D1980766D4012574E00020AAF10209F9
:102AF000012705AD0193F072CBF81C00DDF80F1033
:102B00000298039A1FFA87F8C6F80710B8F1060F63
:102B10003946726030600BD34846394630F8023F80
:102B20008AB2C903448841EA5201002C1944F5D104
:102B3000072006231A4601F00F0303F13004392C55
:102B4000C1F30B1188BF03F137042C54013800295D
:102B5000A2F10103EED17E2129544FF0000138B1DA
:102B6000735C202B04D0013A01F10101F8D1014638
:102B700007289ABF2A5C01302022725401310829AB
:102B8000F6D35846FFF736FE28B9B8F1630F07F1C0
:102B90000107B3D36427B9B2642903D1072007B072
:102BA000BDE8F08F04281AD1019BF372CBF81CA06A
:102BB000980798D5002000BF81B23AF81120013063
:102BC000002AF9D101F1190043F61431C1F2B131F3
:102BD000A0FB01055846002100F0C4F810B107B071
:102BE000BDE8F08F002600270EE000BF390407F192
:102BF0000107B9B208BFBBF80660A94214D0584615
:102C00000121FFF7A9FE78B9DBF80000DBF810100E
:102C100001F004FE40B9DBF814100978E529E5D08D
:102C20000029E3D00027EAE730B9022D04D3B1B27E
:102C3000584600F097F868B30028D0D1DBF80000C0
:102C4000DBF8101001F0EAFD0028C8D1DBF8141001
:102C50000022CA618A614A610A61CA608A604A6068
:102C60000A60DBF818204FF0FF33013ACF1812F852
:102C7000016F01330A2B7E70F8D1DBF81820D27A6D
:102C800002F018020A73DBF8001001220A7107B083
:102C9000BDE8F08FDBF818004FF0000A4FF0FF316D
:102CA00042185FFA8AF35F08527847EAC31301318A
:102CB0000A2903EB020AF3D149F250694FF6FF7774
:102CC000A5F10108C0F60009DBF80000DBF81010E0
:102CD00001F0A4FD0028AFD1DBF814000F22DBF8CF
:102CE0001C10A0F80B205FFA88F20D267243002317
:102CF0000D3A002580F80DA0438300BFBD421CBFE4
:102D000031F81250013219F80340002D03F101038C
:102D100000EB040605554FEA152408BF3D460D2B70
:102D20007470EBD1BD4203D148F0400107E000BF11
:102D300031F812100029414608BF48F040010170E7
:102D4000DBF800000121017158460021FFF704FE65
:102D500000287FF471AFA8F101085FEA0841B3D100
:102D60006AE700008268C180012A04BF0220704720
:102D700070B5044600680D4681698A4236D28AB130
:102D8000BAB18078B5EB001F1CD228462168931E8B
:102D90008E69E260023EB3422AD28A78896A03FBD6
:102DA000021126E0017803290CBF426A0022002AA2
:102DB000E7D101890022A942E26017D9406A00EBFD
:102DC000151018E0060100BF2068114601F0F8F95F
:102DD0000246013019D0022A08D320688069824255
:102DE00004D2AD1BA8B2B042EED2CFE7022070BD34
:102DF000002101EB1010216805F00F0201EB4211D8
:102E00003031C4E90401002070BD012070BD000014
:102E100080B594B00021019128BB03F075FE1D28F8
:102E200021D102A803F0AAF91D281CD1BDF84C003D
:102E300003F0D6FB01A803F08FFC9DF8071089076B
:102E400010D41D280FD14FF4006003F02FF81D2877
:102E500009D1002004F042FB1D3818BF012014B036
:102E600080BD00BFFEE7012014B080BD0020704788
:102E7000844600294FF0040018BF002B00D1704792
:102E8000BCF1000F01D01C200EE080B552020846B4
:102E900011464FF40072012B02D102F057FD01E000
:102EA00003F032FFBDE880401D3818BF0120704795
:102EB000002818BF01207047844600294FF0040005
:102EC00018BF002B00D17047BCF1000F01D01C20AF
:102ED0000EE080B55202084611464FF40072012BF5
:102EE00002D102F03FFE01E004F060F8BDE880404E
:102EF0001D3818BF0120704701EB410100EBC100F4
:102F0000016921F0010101617047000001EB4101FD
:102F100000EBC100016941F001010161704700004F
:102F200001EB410100EBC100016921F0606141EA60
:102F3000426101617047000001EB410100EBC100FB
:102F4000016921F4807101617047000001EB4101CA
:102F500000EBC100016941F480710161704700001C
:102F600001EB410200EBC20213694FF03D0C23F06C
:102F7000010313610023136153619361D3611362F1
:102F8000212353620A1F28BFD1B201EB410301F094
:102F900002014FF00C024FEA410138BF082201EB59
:102FA000430113580CFA01F1194311507047000006
:102FB0000B1F38BF0B46D9B24FEA410151FA83F1DA
:102FC00003F002034FF00C0C4FEA430338BF4FF0FD
:102FD000080C03EB41015CF8003002FA01F11943DF
:102FE0004CF80010704700000B1F34BF0B46043034
:102FF000D9B2490051FA83F103F002035B00006883
:1030000003EB410102FA01F1084018BF01207047AB
:1030100001EB410100EBC1000169002A21F0200110
:1030200018BF20310161704701EB410C2021002ABB
:1030300008BF1C21084440F83C30704770B501EBD4
:10304000410100EBC100136A416A194341F00401D8
:103050004162116848F23F738161D168CFF61C6309
:10306000C161D16A41610169146919405368D2F89C
:1030700030E01943D2F828C02143D2E9065641EA8C
:103080000E0141EA0C012943314301619368016952
:10309000012B06D0002B14BF41F4004141F4007114
:1030A00001E021F40071016151690369002923F4F1
:1030B000806308BF03F580630361516A02690029D8
:1030C00022F4807208BF02F58072026170BD0000B8
:1030D000F0B58DB046F20044C4F202040546204625
:1030E0000321012203260127FFF762FF2046032167
:1030F0000422FFF75DFF204603210822FFF758FF57
:10310000204603211022FFF753FF204603212022EF
:10311000FFF74EFF20460321FFF7EEFE2046032176
:10312000FFF71EFF42F68040C4F20100009000202D
:10313000CDE90A0005904FF4805001904FF4804093
:1031400004904FF440300C904FF4001007904FF46F
:10315000000006906A462046032103950297CDE9B8
:103160000867FFF76BFF204603210122FFF750FF9E
:10317000204603210422FFF7D3FE20460321FFF758
:10318000C5FE0DB0F0BD000080B501EB410100EBC4
:10319000C100416A48F23F7321F0040141621168A5
:1031A000CFF6FC7381619168C161D16941610169A8
:1031B000D2F818E001EA030C116A136941EA0C0124
:1031C00041EA830141EA0E01194301615368016933
:1031D000012B06D0002B14BF41F4004141F40071D3
:1031E00001E021F400710161D1680369002923F431
:1031F000806308BF03F58063036151690269002998
:1032000022F4807208BF02F58072026180BD000066
:1032100000210122C0E90012C0E90212C0E9041233
:10322000C0E9061101627047F0B58DB046F2004466
:10323000C4F2020405462046032101220326012789
:10324000FFF7B6FE204603210422FFF7B1FE204619
:1032500003210822FFF7ACFE204603211022FFF7CE
:10326000A7FE204603212022FFF7A2FE20460321CD
:10327000FFF742FE20460321FFF772FE42F6804030
:10328000C4F20100009040200A9000200B900590AD
:103290004FF4805001904FF4804004904FF4403040
:1032A0000C904FF4001007904FF4000006906A460F
:1032B0002046032103950297CDE90867FFF7BEFE7C
:1032C000204603210122FFF7A3FE2046032104220A
:1032D000FFF726FE20460321FFF718FE0DB0F0BDD4
:1032E00001EB410100EBC1004261704701EB41017C
:1032F00000EBC100406970472DE9F047DDF82090F0
:103300000746B9F1000F4FF0000023D0DDF824A0EC
:10331000BAF1000F08BFBDE8F08740F20024C2F206
:1033200000040E4620463C2198461546FCF7B8FF9F
:103330004FF6FF71002061864FF4FA7184F8300077
:10334000C4E90D0101202760A680A560A4F80C80C7
:10335000C4E906A9BDE8F0872DE9F04782B040F244
:103360000025C2F20005AE88804600200190009042
:10337000EEB100274FF00109EA4600242868E96908
:103380003844884704F01F0109FA01F100284FEA88
:1033900054105AF820200CBF22EA01011143AE88D4
:1033A0000134B44207F11C074AF82010E6D32F6914
:1033B000C7B14FF001096C46E969381D884706F02E
:1033C0001F0109FA01F100284FEA561054F8202095
:1033D0000CBF22EA010111433F680136002F44F877
:1033E0002010E9D16846414600F068F802B0BDE817
:1033F000F08700002DE9F04385B0984616468146D7
:1034000000204FF0553C4FF033334FF0013700248C
:10341000CDE9020003E000BF0134012C13D156F8BE
:103420002450002DF8D00CEA5502AA1A22F0CC350F
:1034300003EA92022A4402EB121222F0F0327A439B
:1034400000EB1260E8E7A8B3002002AF51F820209B
:1034500056F820301A4047F8202001300128F5D0D6
:10346000384631460822FCF72DFF40F200220021A9
:10347000C2F2000202EB81031B6A56F821502B4076
:1034800047F8213001310129F4D0B0FA80F0470922
:1034900002A831460822FCF715FFB0FA80F0410976
:1034A00001264FF0FF3548463A464346CDE90056DF
:1034B00001F03AFD05B0BDE8F08300002DE9F04FC2
:1034C00087B040F2002BC2F2000B9BF830208846F8
:1034D0005FEAC279054664D0BBF80C200020CBF827
:1034E000280011460392CBF82C0082B3DBF808A029
:1034F00004AE5746002405E003980134844207F1E6
:10350000240724D00020CDE9040004EBC4000AEB1A
:103510008001002055F8202057F820301A4046F846
:10352000202001300128F5D030460822FCF7CAFEE1
:103530000028E1D1002000BF0BEB80018A6A57F818
:10354000203001301A4301288A62F5D0D4E7DBF835
:10355000144034B304AE01E0246814B30020271DE6
:10356000CDE9040004EB800255F8201052681140A8
:1035700046F8201001300128F4D0304639460822A0
:10358000FCF7A0FE0028E7D1002000BF0BEB800174
:103590008A6A57F8203001301A4301288A62F5D030
:1035A000DAE7BBF8046086B34FF0000A0027002476
:1035B0001EE000BF61090BEB8102126A55F8211071
:1035C000DBF8000004F01F0322FA03F6D940384468
:1035D00001F0010206F001014346CDE9004A01F085
:1035E000A3FCBBF804600134B44207F11C070CD201
:1035F000B9F1000FDED060090BEB8000806A04F0A7
:103600001F01C840C007ECD1D4E7DBF8104044B339
:103610004FF0000A18E000BF71090BEB8102126A3B
:1036200055F8211006F01F0322FA03F7D940201D98
:1036300001F0010207F001014346CDE9006A01F003
:1036400073FC2468013664B1B9F1000FE4D070094D
:103650000BEB8000806A06F01F01C840C007F0D164
:10366000DAE7BBF80C0088B100240026DBF808007C
:103670002946021902F108004346FFF7BBFEBBF8DA
:103680000C000136864204F12404EFD3DBF8144029
:1036900054B100BF221D04F10C0029464346FFF738
:1036A000A9FE2468002CF5D1D5E90001CBE9080179
:1036B00007B0BDE8F08F000043F6084CC4F2010CDF
:1036C0005CF8083C012923EA00034CF8083C5CF84C
:1036D000043C23EA00034CF8043CDCF8003023EA05
:1036E0000003CCF80030DCF8043023EA0003CCF807
:1036F000043019D021B95CF8081C01434CF8081CAF
:10370000022A18D0012A6FEA000118D0002A18BF37
:103710007047DCF800201043CCF80000DCF804000F
:103720000840CCF8040070475CF8041C01434CF8D6
:10373000041C022AE6D1DCF80010014302E0DCF8A8
:1037400000201140CCF80010DCF804100843CCF83D
:103750000400704743F61441C4F201010860704749
:1037600043F61441C4F201010968084018BF012062
:103770007047000010B5044600F0D8F9002804BFD7
:103780000021216010BD000000281CBF0B207047E5
:1037900040F24010C2F200000268002A1CBF002361
:1037A000137000291CBF00220A70016000207047BE
:1037B0002DE9F04FADF50F7D8146002016468E9124
:1037C000C9F8000002F01F0A02F01E028EA885A9A7
:1037D000FEF7F6FD82A98B9102A98C9118B98E99FA
:1037E00085A800F06FFB8A9C0546002C08BF0625C3
:1037F000002818BF0546BAF1040F0FD2002D76D16C
:10380000E07AC1061DD4C007284618BF0720BAF1C8
:10381000020F28BF054628066BD17EE055B1042D66
:1038200003D185A8FFF74CF905468A9C4AF0080A9F
:1038300085B15CE0E07A10F0110F06D007254DB19C
:1038400055E00425280654D167E0700748BF0825D5
:10385000002D4CD11AF0080049D000F013FD217D55
:10386000627DA37E0904E77E41EA0261C4F80E008E
:1038700000201944DDF814B2E072E06151EA072833
:103880006083A0824FF001008BF804002FD0DBF89A
:103890002C00B8F1010F019026D0DBF8180040454C
:1038A00022D90025464600BF5846314600F088FC24
:1038B0000746013023D0C7B1012F15D058463146F5
:1038C000002201F07DFC054678B9DBF810003E4689
:1038D00001303EBFCBF8100001208BF80500DBF86B
:1038E00018008742E0D300E0022528060AD0280607
:1038F00013D0E0B1E8B20DF50F7DBDE8F08F0125E2
:103900002806F4D1A8F101000199CBF80C00584623
:1039100000F084FF05462806EBD185990AF00802DD
:10392000C96A4AEA820AC9E907140028E2D189F87B
:1039300006A0207D617DA27E0004E37E40EA016056
:10394000104440EA0320C9F81000E0698599C9F8DD
:103950000C000020C9F80800C9F81800C888C9F888
:103960000010A9F80400C5E72DE9F04F81B0044626
:1039700000689B4616460F4600211960C8B10178C1
:10398000B9B1A188C2888A4213D14078FFF790FA72
:1039900000F00100404200F0030068B994F906000D
:1039A00000280CD4C0B2C0070DD1072001B0BDE87B
:1039B000F08F09200028F1D001B0BDE8F08F02207F
:1039C00001B0BDE8F08FD4E90201081AB04238BF57
:1039D0000646002E00F09A8004F1240004F123082A
:1039E00000900DE04FEA4A20A16807440144A1601D
:1039F000DBF80010361A0144CBF8001000F0868086
:103A0000A168C80512D0A1687A1E6FF35F21C1F5C5
:103A10000070B04228BF30464144034611F8015FB0
:103A2000013B02F8015FF9D1DEE700BF206845469F
:103A30008278013A02EA51225FFA82F8B8F1000F67
:103A40000CD129B1616900F0BBFB022803D261E00F
:103A5000206902285ED3411C60D0606120686169E2
:103A600082690239023A914204D28278836A01FB68
:103A7000023100E0002100294CD05FEA562A01EB18
:103A8000080927D0827808EB0A014078914288BF64
:103A9000A2EB080A5FFA8AF339464A46FFF7E8F9CB
:103AA000A179C8BB4806A84640F2FF1C9AD5A06978
:103AB000A0EB0900504595D207EB40204FF0FF31B5
:103AC000424600BF431812F8015F013161455D7045
:103AD000F8D187E7A269A8464A4514D0A1794906DA
:103AE00009D5407800990123FFF7E6F9A17998B943
:103AF00001F0BF00A0712068009940784A46012378
:103B0000FFF7B6F950B9C4F818907CE7002001B06F
:103B1000BDE8F08F022002E0012001E00120A17940
:103B200041F08001A17101B0BDE8F08FB0B504464D
:103B3000006878B1017869B1A188C2888A4209D148
:103B40004078FFF7B5F900F00100404200F00300B3
:103B5000E8B901E00920D0B9A1798A0617D548064D
:103B600010D52068A269407804F124010123FFF7F1
:103B7000A3F901460120002918BFB0BDA07900F0CB
:103B8000BF00A0712068E16900F048FE00B1B0BD3F
:103B9000256AE87A40F02000E872E0682877E0685B
:103BA000000A6877E089A877E07BE8772069A87643
:103BB0002069000AE876608A2875E07C687500F064
:103BC00061FBC5F81600A079012100F0DF00A071AB
:103BD00020680171BDE8B04003F0E8BF2DE9F04F67
:103BE00083B004460068984616468B46002119604B
:103BF000C8B10178B9B1A188C2888A4213D140788E
:103C0000FFF756F900F00100404200F0030068B9E8
:103C100094F9060000280CD4C0B280070DD4072008
:103C200003B0BDE8F08F09200028F1D003B0BDE853
:103C3000F08F022003B0BDE8F08FE0687142884247
:103C400080F0E88004F1240A04F1230002900CE0E3
:103C50006802A16883440144A160D8F80010361AB4
:103C60000144C8F8001000F0D580A068C10519D043
:103C7000A268ABF101016FF35F22C2F50070B042A0
:103C800028BF3046029B1A44034600BF11F8015F6B
:103C9000013B02F8015FF9D1A17941F04001A17126
:103CA000D7E700BFD4F8009099F80210013901EA73
:103CB0005021CFB2002F52D120B161694846FEF7A2
:103CC000C3FC45E02069002842D1D9F80C202AB174
:103CD000D9F81800824228BF012200E001221546CF
:103CE0000197D9F81800691C81420D4628BF0225AA
:103CF000012A01D881420CD248462946174600F0D5
:103D00005FFA411C22D030B101281FD03A46BD4293
:103D1000E7D100201AE0484629466FF0704201F0D2
:103D20004FFA30B101284FF0010008BF4FF0FF30CB
:103D30000CE0D9F81000C9F80C50411C1FBF013825
:103D4000C9F81000012089F805002846019F20616C
:103D5000411C71D000285DD0012868D06061A07935
:103D600040060CD52068A269407851460123FFF730
:103D7000A3F8A179002864D101F0BF00A0712068E8
:103D8000616982690239023A914204D28278836A77
:103D900001FB023100E00021002948D0750A01EB47
:103DA000070926D0827879194078914288BFD51BBF
:103DB000EBB259464A46FFF77FF8E8BBA069A0EB93
:103DC0000900A842BFF444AF0BEB402001384FF08C
:103DD000FF3140F2FF1700BF0AEB010210F8013F6C
:103DE0000131B9425370F7D1A07900F0BF00A07142
:103DF0002EE7A16949450AD0D4E90212914206D2C0
:103E0000407851464A460123FFF732F8A0B9C4F87A
:103E100018902DE7D4E90201884288BFE060A079BC
:103E200040F020010020A17103B0BDE8F08FA0791F
:103E300060F07F010220F6E7A07960F07F010120A9
:103E4000F1E761F07F010120EDE70000802838BF35
:103E5000704769B1FF2884BF0020704749F25E6156
:103E6000C0F6000101EB40006FF0FF01405A7047BF
:103E700049F25E620021C0F6000200BF32F8113044
:103E8000834204D001318029F8D1802000E088B23B
:103E9000C0B280F08000704749F6B0720021C0F6D1
:103EA000000200BF32F81130834204D00131EF2903
:103EB00008BF7047F6E749F6D050C0F6000030F86A
:103EC000110070472DE9F04F87B08B460978824684
:103ED0005C2904D02F2908BF0BF1010B01E00BF185
:103EE000010B0024CAF808409BF80000202808D2E3
:103EF00050460021FEF736FFCAF8144007B0BDE86F
:103F0000F08F49F6B510C0F600000138069049F66A
:103F1000BC10C0F60000A0F10108CDF8088000BF79
:103F20005E4600E0013630785C28FBD02F28F9D0BF
:103F3000DAF81C70202805D24FF004090125002171
:103F400030E000BF002401250AE000BF27F814007C
:103F500030194078611CC2B201351F2A0C461ED9A7
:103F6000C0B22F284FF0000917D05C2815D0FF2CC5
:103F700000F0C4800121FFF769FF002800F0BE8037
:103F80007F28E3D8414600BF11F8012F002A18BF4F
:103F90009042F9D1002AD9D0B0E0214602E04FF09A
:103FA000040900BF002906EB050B00F0A78048427A
:103FB00007EB410105E000BF0130A1F1020180F0F3
:103FC0009D8031F8022C2E2AF6D0202AF4D04FF012
:103FD0000008DAF81820CDF814B0A1F800804FF0EE
:103FE0002031C0F1000BC2F807105160116001E0F0
:103FF00008F1010837F818002E28F9D02028F7D04A
:10400000B81EB8F1000F18BF49F0030930F81B10B3
:104010002E2904D0BBF1010BF8D14FF0000BABF10E
:10402000010608254FF0010C002300240020019018
:1040300049F00302414601E00131914637F8110091
:104040002028F9D02E2803D18E42F5D102E000BFFE
:10405000002874D0AC4201F101083BD28E4239D025
:10406000802814D30021CDE9035C1D46FFF7EEFE46
:1040700038B149F25E71C0F60001084410F8800CB6
:1040800000E000202B46DDE9035C49F0020940B165
:10409000069900BF11F8012F002A18BF9042F9D1EC
:1040A0003AB149F003095F20DAF8181008550134D5
:1040B000BEE7A0F1410189B2192902D843F00203F9
:1040C000F2E7A0F1610189B219299CBF43F0010315
:1040D0002038E9E70198C00749F003002ED18E424D
:1040E00018BF8146D8452AD801209B000B254FF0E8
:1040F000000C01900824D8469AE700BF0620002152
:10410000002954D05046FEF775FBDAF81810002845
:10411000C97A43D149074AD4DAF81400C17AC906EA
:1041200044D5017D427D837E0904C07E41EA02615F
:10413000194441EA0020CAF80800F1E68146DAF89D
:104140001800DDF808800178DDF814B0E52904BF17
:10415000052101705FEACC7018BF9B0003F00301DA
:1041600003F00C00032949F0020208BF91460C2815
:1041700008BF91465FEA897207D4012908BF49F058
:104180001009042808BF49F00809DAF818000121CD
:1041900080F80B9000200029B4D108E0042806D153
:1041A000490758BF052007B0BDE8F08F052007B0CC
:1041B000BDE8F08F40F20030C0F2033070470000DD
:1041C000F0B581B002292CD382698A4229D90278BC
:1041D000032A37D0022A27D0012A3BD1026A01EBF9
:1041E00051070C4602EB5721054600F017FB88BB30
:1041F0002846016A30357E1C6FF35F27EF5D01EBC7
:10420000562100F00BFB28BB6FF35F26A85DE20789
:1042100047EA002108466FF31F3018BF080901B0B4
:10422000F0BD012001B0F0BD026A0C4602EB112185
:10423000054600F0F3FA68B9E0B205EB4000008EE5
:1042400001B0F0BD026A0C4602EBD111054600F048
:10425000E5FA18B14FF0FF3001B0F0BD04F07F0077
:1042600005EB800090F8323090F8301090F8312053
:1042700090F833001B0460F31B6343EA02200844F8
:1042800001B0F0BD002070472DE9F041EFF310863A
:1042900072B600F0B7FC40F24817C2F200073A7E4F
:1042A00004460D4672B100F0F9FC48B300F0AAFCD8
:1042B00004460D4600F0B8FC00196941441C41F168
:1042C00000051DE0EFF3108872B600F0E7FCA8B11E
:1042D00000F090FC00F0A8FCEFF3108272B6D7E972
:1042E0000035C0186941013041F10001C7E9000102
:1042F00082F3108800F086FC04460D4688F310888F
:10430000D7E90001D7E9022300196941821A71EB4C
:10431000030205DAD7E9020186F31088BDE8F081CF
:10432000C7E9020186F31088BDE8F081F0B5D0F846
:1043300020E0D0F824C000230F27002505E000BFAF
:104340000135082D03F104030CD022FA05F6F60717
:10435000F6D007FA03F62EEA060601FA03F446EA57
:10436000040EEDE7082300240F2504E00133102B91
:1043700004F104040CD022FA03F6F607F6D005FA8D
:1043800004F62CEA060701FA04F647EA060CEDE704
:10439000C0F820E0C0F824C0F0BD00008162704782
:1043A000816170470069084018BF01207047000014
:1043B0002DE9F041D0F800E0D0F80CC000244FF017
:1043C0000308002605E000BF0136102E04F10204A8
:1043D00012D023FA06F7FF07F6D008FA04F72EEA00
:1043E000070E01FA04F54EEA050E2CEA070702FA59
:1043F00004F547EA050CE7E7C0F800E0C0F80CC098
:10440000BDE8F0810129416814BF99431943416017
:10441000B0B5D0F808C000214FF0030E002404E02E
:104420000134102C01F102010CD023FA04F5ED0740
:10443000F6D00EFA01F52CEA050C02FA01F54CEA69
:10444000050CEDE7C0F808C0B0BD0000026822F41A
:104450008062114301607047F0B581B004460220CC
:1044600017460D4600F0BEFF4DF68361C4F21B31C6
:10447000A0FB0112910C48F2FF62C0F2933290420D
:104480000A4688BF3C22636848F2A066C0F2010673
:1044900023F03F03B54243EA0203636007D844F2C6
:1044A000C042C0F2843290422BD33C2131E041F62D
:1044B0008021C0F206018D4237D84FF496715143E6
:1044C00048F63812C0F24102A1FB0212511C2162CF
:1044D000E169192221F48041002F18BF01F58041C4
:1044E00008BF0322E161E1696A4341F40041B0FB86
:1044F000F2F0E161E169020508BF41F00101084302
:1045000012E048F27F42C0F21E0290428CBF01319D
:10451000022121626900B0FBF1F0042898BF042059
:10452000E1696FF31F300843E06101B0F0BD0000A6
:1045300010B545F20041C4F20001884212D045F6A0
:104540000041C4F20001884209D045F60001C4F2DE
:104550000001884218BF10BD40F6160404E040F682
:10456000170401E040F61504204601F0ABF82046A0
:10457000BDE8104001F096B8016821F0010101602A
:1045800070470000426822F40062114341607047A6
:10459000016841F0010101607047000040F20152E2
:1045A000914202D141698069704701F01F02890977
:1045B0004FF0010C0B580CFA02F223EA02020A50E7
:1045C000704700008A09105801F01F01C84000F030
:1045D0000100704721F00101023218BF0131016171
:1045E00070470000D0F800C06FF39F232CF0020C3E
:1045F00041EA0C01016043EA02018160704700005A
:10460000016841F48071016070470000016841F465
:10461000007101607047000080B540F2341C002139
:10462000C2F2000C4FF0010E002000BF1CF8012068
:104630000EFA01F3002A01F10101DBB218BF1843A1
:104640000629F3D140F2DE0CC2F2000C9CF80020E7
:10465000824208BF80BD40F61842C4F20202C10780
:10466000114602F1100E08BF71464FF480630B60D3
:104670008107114658BF71464FF400630B60410734
:10468000114658BF71464FF480530B600107114625
:1046900058BF71464FF400530B60C106114658BF16
:1046A00071464FF480430B6081064FF4004158BFC0
:1046B000724611608CF8000080BD000003F02AFBF8
:1046C000002000F073FAC82000F03EFAFFF772FDF8
:1046D000FDF7B2FBFDF75AF8FDF7DAFBFDF712FB29
:1046E000FDF740FD41F2000449F6AB01C4F20104BC
:1046F000C0F60001204600F0CFF849F67001C0F680
:104700000001204600F0C8F8FDF74AFB49F6990180
:10471000C0F60001204600F0BFF849F68501C0F65A
:104720000001204600F0B8F8FCF7A4FF17A12046CE
:1047300000F0B2F81AA1204600F0AEF8FDF74EF8EE
:104740001CA1204600F0A8F81FA1204600F0A4F804
:10475000FDF726FC21A1204600F09EF802F020F88B
:10476000FCF748FF22A1204600F096F8FCF7B6F9C6
:1047700025A1204600F090F803F0F2FA02F016F8B6
:1047800001F0B4F801F0BAF8FCE700BF424F4F5413
:104790003A2061646320646F6E650D0A00000000BA
:1047A000424F4F543A2064616320696E69742E2E23
:1047B0002E0D0A00424F4F543A2064616320646F0B
:1047C0006E650D0A00000000424F4F543A2072748B
:1047D0006320696E69742E2E2E0D0A00424F4F54CD
:1047E0003A2072746320646F6E650D0A0000000049
:1047F000424F4F543A206F6C656420696E69742E85
:104800002E2E0D0A00000000424F4F543A206F6CCC
:10481000656420646F6E650D0A0000002DE9F041AB
:10482000C66A8E4203D100273846BDE8F0810446AF
:1048300000790D4610B3607804F1300841463246E5
:1048400001230127FEF738FB10B13846BDE8F0819F
:10485000D4E9070100220844864222710ED2E7788B
:10486000022F0BD3E16960780E44414632460123A2
:10487000FEF722FB013FF8B20128F3D8002DD2D079
:10488000607804F130012A4601230127FEF7F0FA8F
:104890000028DAD1E562C6E782B0F0B5ADF5017D5A
:1048A0000E4601AD0446CDE9862386AB28464FF47B
:1048B00000713246009303F031FE40F2B877C2F245
:1048C00000070021398039880646884212DD00BF82
:1048D0003888295C204603F065FD00BF204607218B
:1048E00003F0DEFD0028F9D03888013038803888A0
:1048F0008642EDDC30460DF5017DBDE8F04002B0AA
:1049000070470000002848BF704700F01F010122D7
:1049100002FA01F11C2202EAD0004EF28012CEF21D
:1049200000028150BFF34F8FBFF36F8F70470000BD
:10493000B0B54EF60C5ECEF2000EDEF800304FF051
:10494000FF3503F4E063A3F54073B3F5A06F22BF16
:1049500040F20053C0F2FA53CEF80030DEF80030D7
:104960004EF2001CC3F3022383F00704042C28BF7B
:104970000424033B05FA04F438BF0023A143994003
:1049800005FA03F39A4300F00F037344CEF2000CD0
:1049900011430833B0F1FF3F4FEA011100EB0C0265
:1049A000C8BF02F540730028197048BFB0BD00F0C1
:1049B0001F01012202FA01F1C0F342104CF820104D
:1049C000B0BD00004FF68072C1F6FF72114008437F
:1049D0004EF60851CEF200010860BFF34F8F7047CA
:1049E00081B0F0B5ADF5027D02AE0C460546879369
:1049F00087AB30464FF40071019303F08FFD0746FB
:104A00002846214632460823FCF704F938460DF5BE
:104A1000027DBDE8F04001B0704700002DE9F04391
:104A200085B041F20005C4F2020528464FF400416A
:104A3000FFF7B8FC804628464021FFF7B3FC8146CB
:104A400028464FF40061FFF7ADFC074628461021C9
:104A5000FFF7A8FC044628468021FFF7A3FC064682
:104A6000A5F540600121FFF79DFC05461FA200202F
:104A700000214346CDE90097CDE902460495FFF7B2
:104A8000AFFFFFF701FC00F055F803460F461DA2EB
:104A900000200121CDE90037FFF7A2FF40F26C149E
:104AA000C2F200042388678819A20020022100971F
:104AB000FFF796FF40F6BC30C2F20000008844F6D3
:104AC000D35180B2C1F26201A0FB011297094FF4E9
:104AD0007A71238807FB110611A200200321CDE97A
:104AE0000076FFF77DFF05B0BDE8F0834B45592008
:104AF0005354413A202564256425642564256425A2
:104B00006400000075775469636B3A256C6C64002F
:104B100041303A257520567265663A2575000000C9
:104B2000413A253034642020443A25642E25303320
:104B30006420560080B540F24812C2F20002526969
:104B40000023FBF763FB80BD70B540F2481440F2D0
:104B50001072C2F20004C2F2000261691368A1FB84
:104B600000105B2BACBF12685A22D317561A834130
:104B700018DA8D1A60EBE276FFF786FB2D184E41AE
:104B8000FFF782FB421B71EB0602A8BF70BD281A1B
:104B9000626966EB01010023FBF738FB00F004F8C3
:104BA0000028EDD170BD00000120704770B540F2C3
:104BB0004816EFF3108572B6C2F20006307600F0A8
:104BC0003BF8044600F016F885F3108803F02EFB3E
:104BD0000020C6E90000C6E90200FCF7DDFB204624
:104BE00070BD00004EF21800CEF2000000210160FE
:104BF000704700004EF60450CEF200004FF00071F6
:104C0000016070474EF21400CEF200000168406867
:104C1000081A4FF0000161F10001704740F20000F6
:104C2000C2F20000006870474EF21400CEF200009D
:104C30000068002170470000C0B94EF21001CEF2AA
:104C4000000100226FF07F43EFF3108072B60A601C
:104C50004B604EF60453CEF20003DA778A600722E7
:104C60000A604FF00071196080F3108801207047CE
:104C700080B5FFF7D9FF40F2481CEFF3108E72B6F3
:104C8000C2F2000CDCE90032C0185141013041F1A0
:104C90000001CCE900018EF3108880BD4EF604506F
:104CA000CEF200000068C0F3806070474EF2100042
:104CB000CEF20000016821F00101016070470000A0
:104CC00047F20000C4F20000016841F48071016005
:104CD0007047000020B1012818BF7047082000E08D
:104CE000042047F20001C4F200010A681043086082
:104CF00070470000B0B547F2000CC4F2000CDCF8BD
:104D000000E04FF2FC33CFF6F37303EA0E03CCF866
:104D10000030DCF80030B1F5402F43EA0003CCF856
:104D200000300DD1DCF8001040F20043C0F20C035B
:104D3000002808BF03F5806341EA0300CCF80000B7
:104D40004EF21000CEF20000D0F8001D40F21C7CA4
:104D500041F00401C0F8001D0168C2F2000CCCF85B
:104D60000010D0F8F01040F2207EC2F2000ECEF813
:104D70000010D0F8F43040F22471C2F200010B6050
:104D8000D0F8F84040F22873C2F200031C600468B7
:104D90000425C0F201052C4004604FF63104CFF623
:104DA0007F74C0F870414FF6FF04CBF6FF74C0F873
:104DB00074416FF48054C0F87841002A0FBF30BFAF
:104DC00040BF20BF20BFDCF800200260DEF80020DA
:104DD000C0F8F0200968C0F8F4101968C0F8F8109D
:104DE000D0F8001D21F00401C0F8001DB0BD000086
:104DF00002292ED10088062888BF70470FF20401CF
:104E0000DFE800F0202812190B04040040F62C40C3
:104E1000C4F202004FF400411AE040F62C40C4F204
:104E200002004FF4804113E040F62C40C4F202002F
:104E30004FF480510CE040F62C40C4F202004FF4D5
:104E4000005105E040F62C40C4F202004FF48061AE
:104E50000160704740F62C40C4F202004FF400613C
:104E60000160FCF707BD00000088062884BF002011
:104E7000704780B5DFE800F0041E11180B242B00EA
:104E800041F20000C4F202004FF4004126E041F27A
:104E90000000C4F20200802120E041F20000C4F2D0
:104EA00002004FF4006119E041F20000C4F2020078
:104EB000102113E041F20000C4F2020040210DE095
:104EC00041F20000C4F20200A0F5406005E041F2AA
:104ED0000000C4F20200A0F580500121FFF762FA41
:104EE000B0FA80F0400980BD40F2002CC2F2000C04
:104EF000BCF80C304BB1DCF8081000BF0A898242C4
:104F00000FD0013B01F12401F8D10CF1140100BFD5
:104F10000968002904BF002070478A898242F7D1BE
:104F200004310846704700002DE9F04104468069CD
:104F3000002800F0BA80DDE906861D468A4206D0C8
:104F4000002AA56053D0A17841F00201A170002A87
:104F50004DD0A178C90757D1A1680288691A91423A
:104F6000C0F2A380E18A69B321690089691A81428C
:104F700028DB40F20027C2F20007AEB9B86B98B147
:104F8000796B691A81420FD2788EFFF7ADFFB8F1C5
:104F9000000F09D440B14FEA581150F8210008F031
:104FA0001F01C840C0070BD1E078400708D5012E8B
:104FB00002D120887D637886BA6920460221904715
:104FC0000020E0820020A082A078E17840F001007B
:104FD000C907E560A07007D040F20020C2F20000CF
:104FE00082692046002190476560BDE8F081A17884
:104FF000CA075CD1E28A002A00F0A48021690089F6
:10500000691A814226DA50E0A0694189D9B1E26883
:10501000AB1A8B4217DB40F20027C2F2000700BF39
:105020005018E060A08AE17801300907A08203D51A
:10503000BA69204603219047A069418919B1E26805
:10504000AB1A8B42ECDAE18A79B36168C088691ADD
:1050500081422ADD40F20027C2F20007AEB9B86BE8
:1050600098B1796B691A81420FD2788EFFF73CFFB5
:10507000B8F1000F09D440B14FEA581150F821009F
:1050800008F01F01C840C0070BD1E078400708D5E1
:10509000012E02D120887D637886BA6920460221DC
:1050A00090470020E082BDE8F081BDE8F081A26871
:1050B0004088AA1A8242B8BFBDE8F081E07801F0CA
:1050C000FE018007A17007D540F20020C2F2000067
:1050D0008269204601219047A26961689088691A17
:1050E000814202DBD288914233DD814228DAE08AB4
:1050F00030B340F20027C2F20007AEB9B86B98B1E6
:10510000796B691A81420FD2788EFFF7EDFEB8F104
:10511000000F09D440B14FEA581150F8210008F0AF
:105120001F01C840C0070BD1E078400708D5012E09
:1051300002D120887D637886BA6920460221904793
:10514000002009E0880744BF01F0FC00A070BDE822
:10515000F081E08A25610130E082E08A60B3A169D4
:105160008989884228D140F20027C2F20007AEB9EF
:10517000B86B98B1796B691A81420FD2788EFFF7BC
:10518000B3FEB8F1000F09D440B14FEA581150F8FE
:10519000210008F01F01C840C0070BD1E07840078C
:1051A00008D5012E02D120887D637886BA69204611
:1051B000022190470020E0826560BDE8F081000098
:1051C000022945D383698B4242D92DE9F04381B04E
:1051D0000378032B4ED0022B3CD0012B56D1154621
:1051E000026A01EB51070E4602EB57210446FFF716
:1051F00015FB014620460A46002964D1394600F1D4
:1052000030096FF35F215FEAC6782A4606D019F8A5
:1052100001202B4602F00F0265F30B1209F8012062
:10522000026A01370121017102EB5721FFF7F6FAFB
:105230000246002846D1B8F1000F6FF35F273ED138
:1052400019F80700C5F3032100F0F000084437E027
:10525000022070471446026A0E4602EB11210546F1
:10526000FFF7DCFA024678B9F1B205EB41012846B6
:105270000C8628E01446026A0E4602EBD111054660
:10528000FFF7CCFA024618B128461CE002221AE0C9
:1052900006F07F0105EB810191F83330270A03F016
:1052A000F00344EA0363284681F83170270C1B0E93
:1052B00081F8304081F8327081F8333003E02809FA
:1052C00009F80700204601210171104601B0BDE830
:1052D000F083000010B542F63442C4F2010200BF70
:1052E000116811F0450FFBD0CA0764D1490767D494
:1052F000044602F03BF9A0421CBF082010BD40F25A
:10530000FF70C0F2C00002F0CBF9002002F010FAEA
:1053100001464EF20800CFF6F950014255D000295F
:105320004FF0000048BF10BDB0EB917F1CBF0120C3
:1053300010BDB0EB517F1CBF022010BDB0EB117F40
:105340001CBF032010BDB0EBD16F1CBF042010BDEB
:10535000B0EB916F1CBF052010BDC80144BF0620F3
:1053600010BD080244BF072010BD480244BF0820FA
:1053700010BD880244BF092010BDC80244BF0A20E6
:1053800010BD080344BF0B2010BDC80344BF0C2050
:1053900010BD080444BF0D2010BD480444BF0E20BA
:1053A00010BD880444BF0F2010BD08074FF0100047
:1053B00058BF1C2010BD012002F072F9112010BD51
:1053C000042002F06DF9132010BD1D2010BD000057
:1053D00043F67400C4F20200016841F0807101607C
:1053E0007047000010B543F60402C4F2020253688D
:1053F0000146C3F3810342F20040022BC0F2F400E5
:1054000006D0012B1FD147F64000C0F27D101AE0F4
:10541000D2F800C013680CF03F0CC3F3881E136869
:105420001468C3F30143640247F64004C0F27D14DC
:1054300058BF0446B4FBFCF4022000EB430004FB1D
:105440000EF3B3FBF0F0536811A4C3F30313E35C52
:10545000546849F2DE7CC4F38224C0F6000C1CF8C8
:1054600004E05268032911D820FA03F3DFE801F0C1
:105470000D020407184610BD23FA0EF010BDC2F34A
:1054800042301CF8000023FA00F010BD002010BDCF
:1054900000000000000000000102030406070809E4
:1054A00043F6000300F01F018009C4F202034FF02D
:1054B000010CC2580CFA01F11143C15070470000B1
:1054C0000146B0F5E05F4FF0000029DA1C2900F238
:1054D000A680DFE801F00FA4A4A4A4A4A4A4A4A41B
:1054E000A4A4A4A4A4A477A4A4A4A4A4A4A45FA4EE
:1054F00047A48D0043F6000C40F2FF40C4F2020CBA
:10550000002200BFDCF80010013842F100038907D7
:1055100001D4002BF6D1DCF80000C0F34000704746
:105520007ED0B1F5E85F00F0958043F21002914221
:1055300018BF704743F6000C4FF6FE71C4F2020C20
:10554000C0F20F01002200BFDCF8C000013942F1B7
:105550000003800301D4002BF6D1DCF8C000C0F3B7
:105560004040704743F6000C4FF6FE71C4F2020C47
:10557000C0F20F01002200BFDCF80000013942F147
:105580000003000101D4002BF6D1DCF80000C0F3C9
:10559000C060704743F6000C4FF6FE71C4F2020C77
:1055A000C0F20F01002200BFDCF80000013942F117
:1055B0000003800101D4002BF6D1DCF80000C0F319
:1055C0004060704743F6000C4FF6FE70C4F2020CC8
:1055D000002200BFDCF80010013842F1000389030B
:1055E00001D4002BF6D1DCF80000C0F34040704736
:1055F00043F6000C4FF6FE71C4F2020CC0F20F012C
:10560000002200BFDCF80000013942F100038000F5
:1056100001D4002BF6D1DCF80000C0F340707047D5
:105620004FF6FE7143F6000CC0F20F01C4F2020CFB
:1056300001F17F61002200BFDCF87000013942F106
:105640000003800701D4002BF6D1DCF87000C0F312
:105650004000704743F6000C4FF6FE71C4F2020C96
:10566000C0F20F01002200BFDCF87400013942F1E2
:105670000003800701D4002BF6D1DCF87400C0F3DE
:105680004000704743F6000300F01F018009C4F298
:1056900002034FF0010CC2580CFA01F11143C15042
:1056A0007047000043F6000300F01F018009C4F2B8
:1056B00002034FF0010CC2580CFA01F122EA010179
:1056C000C150704743F6000300F01F018009C4F287
:1056D00002034FF0010CC2580CFA01F11143C15002
:1056E0007047000043F67001C4F202010A6822F418
:1056F000407210430860704780B542F6000CC4F257
:10570000000CDCF800E0DCF80430DCF810101A0CB7
:10571000DCF808C00270C3F30422427003F03F02B9
:105720008270C3F34232C270CEF305420271CEF3EF
:10573000062242710EF07F028271C1F306426FF3BE
:10574000DF31028141810EF480010CF04002C0E99A
:10575000031280BD2DE9F04382B042F60C02C4F280
:105760000002CA2190F8008090F801E090F802C091
:1057700090F80390C5680379477986799161532140
:1057800091614FF4804100911168490610D411686D
:1057900041F08001116000BF1168009C013C009441
:1057A00002D011F04004F7D0C1F3801119B951E0D3
:1057B000012100294ED003F03F0145EA014107F0E5
:1057C0007F0341EA032106F07F0319434FEA0843B0
:1057D00069F34F330EF01F0743EA07230CF03F072E
:1057E0003B44478906896FF3DF3766F316475760F6
:1057F00042F80C1C42F8083C52F8041C21F040010D
:1058000042F8041C006952F8041C084342F8040CD6
:10581000106820F0800010604FF40040019052F8B2
:10582000040C800615D4CA20906153209061106842
:1058300020F02000106000BF10680199013901912B
:1058400002D010F02001F7D0C0F34011FF2090618A
:1058500000E00121FF230846936102B0BDE8F08318
:1058600081B042F60C014FF40040C4F200010090F8
:1058700051F8040C800642BF012001B07047CA20D5
:10588000886153208861086820F02000086000BF0C
:105890000868009A013A009202D010F02002F7D076
:1058A000FF22C0F340108A6101B0704710B582B08A
:1058B00040F23874C2F200042046FFF71DFF23793E
:1058C00094F805C0A47904A200200321CDE900C406
:1058D000FFF786F802B010BD25302E32783A253019
:1058E0002E32783A25302E327800000040F2AD702A
:1058F000C2F20000062101707047000070B540F24E
:10590000AD74C2F200042078002808BF70BD40F2D8
:10591000E400C2F2000000F10805002606E000BF26
:1059200020780136864205F10C050DD2FEF7ACFC5D
:10593000FFF700F955E9011211448142F0D855F8FA
:10594000081C28608847EBE770BD00002DE9F04394
:1059500081B004460020002C009000F0A2800D468B
:1059600040F22C111646C2F200011D220A7040F2CC
:10597000B471C2F2000140F2B0770860C2F20007D1
:1059800000210022386001F01FFE0020002101F0FC
:1059900041FE01F071FE01F05BFE002001F0C8FE47
:1059A000800117D440F2F810C2F200000078002203
:1059B000022804BF4FF400766D0A711E88B2B2EB64
:1059C000D02F4FF0190008BF11EA060106D001B030
:1059D000BDE8F083062001B0BDE8F083012E02D1BE
:1059E0004FF000080BE00020314600BFC1F34E012C
:1059F000012900F10100F9D100015FFA80F81020BF
:105A00003146402201F0BAFD00204FF0000901F0BC
:105A1000AFFE01F0CFFD1020FFF75CFC1D28D6D1B2
:105A200040F2AC70C2F2000080F800904FF0FF30FE
:105A3000314642463E6001F0C7FD0220002101F0E0
:105A4000E9FD01F023FE11202946402201F096FDD8
:105A5000002001F08DFE01F0ADFD1120FFF73AFCB2
:105A600005461D2879D140F23010C2F200000068CE
:105A700010B3012815D140F22A6001F017FEA0B939
:105A80004FF4004001F012FE0028F4D0002600BFC1
:105A900001F0BAFD44F826000136082EF8D1203472
:105AA000E9E7192001B0BDE8F0830220022601F0E9
:105AB000FDFD20B312254DE040F2293001F014FE27
:105AC00001F0D0FD2046FDF703FB48F2A06046F24E
:105AD0000044C0F20100C4F20204009020460321F9
:105AE0002022FDF781FAC0BB0098B0B300980138BE
:105AF0000090009800284FF01C00EFD167E70820C5
:105B0000082601F0D3FD08B1142523E0202020262B
:105B100001F0CCFD08B116251CE04FF400704FF4E5
:105B2000007601F0C3FD08B1172513E040F2FF76BF
:105B30004FF40010C0F2C00601F0B8FD50B1043CB3
:105B400001F062FD44F8040F4FF4001001F0AEFDC7
:105B50000028F5D1304601F0A3FD284601B0BDE88C
:105B6000F08300002DE9F04F83B004460020002CA4
:105B70008DF80B00019000F0DF8040F22C1A0E46E9
:105B8000C2F2000A1D218AF8001040F2B47940F2F6
:105B9000B071C2F20009C2F200011546C9F8000056
:105BA00008600021002201F00FFD0020002101F01B
:105BB00031FD01F061FD01F04BFD002001F0B8FD69
:105BC000800117D440F2F810C2F2000000780022E1
:105BD000022804BF4FF40075760A691E88B2B2EB42
:105BE000D02F4FF0190008BF11EA050106D003B00D
:105BF000BDE8F08F062003B0BDE8F08F012D01D184
:105C0000002709E000202946C1F34E01012900F1D7
:105C10000100F9D10001C7B210202946402201F04D
:105C2000ADFC002001F0A4FD01F0C4FC1020FFF742
:105C300051FB1D28DBD140F2707BC2F2000BBBF898
:105C40000000402201040D2001F098FC002001F02A
:105C50008FFD01F0AFFC0D20FFF73CFB1D28C6D1E6
:105C600048F2A06800200097C0F2010801F060FD32
:105C7000C005CDF804801AD40198C0B10198402223
:105C800001380190BBF8000001040D2001F076FC02
:105C9000002001F06DFD01F08DFC0D20FFF71AFBD7
:105CA0001D28A4D1002001F043FDC005E4D50198D2
:105CB000002845D018203146402201F05FFC00202A
:105CC000002601F055FD01F075FC1820FFF702FBDE
:105CD000009A40F2B0711D28C2F200017FF487AF34
:105CE00040F2AC70C2F2000006700D604FF0FF3061
:105CF000294601F069FC0020002101F08BFC01F035
:105D0000C5FC40F23010C2F200000068E0B101288A
:105D100012D140F21A6001F0C9FC002866D00220BE
:105D200001F0C4FC002800F09780022001F0B8FCCC
:105D3000122003B0BDE8F08F192003B0BDE8F08F4A
:105D40001C2003B0BDE8F08F40F21A3001F0CCFC0B
:105D50002046FDF769FA01F085FC48F2A06046F2A2
:105D60000044C0F20100C4F2020401902046032165
:105D70002022FDF739F970B9019860B10198013816
:105D80000190019800284FF01C00EFD12FE79AF8FE
:105D900000001D2803D1D9F800000028F7D09AF898
:105DA00000001D2863D140F2FF70C0F2C00001F076
:105DB00077FC0DF10B0000F023FC1D287FF417AFDA
:105DC0009DF80B1001F0FE0106297FF410AF0DF1D4
:105DD0000B04204600F014FC1D287FF408AF9DF84A
:105DE0000B1001F0FE010629F3D000E700254FF06B
:105DF000010805E040F21A6001F058FC00288ED13D
:105E00004FF4804001F052FC0028F3D040F2B07013
:105E1000C2F200000068401B202811D287088107C9
:105E200018BF08EB9007002FE4D0BE00043C54F8E4
:105E3000040F01F0FBFB013FF9D135440434D9E7ED
:105E4000002600BF54F8260001F0F0FB0136082EB2
:105E5000F8D120342035CDE7082001F027FC58B1D7
:105E6000082001F01DFC142003B0BDE8F08F9AF863
:105E7000000003B0BDE8F08F102001F017FC30B136
:105E8000102001F00DFC152003B0BDE8F08F4FF499
:105E9000007001F00BFC00283FF485AF4FF4007058
:105EA00001F0FEFB172003B0BDE8F08F10B540F203
:105EB000F811C2F200010978022984BF1D2010BD2B
:105EC000B8B1B0F5805F12D0B0F5006F26D14FF4B5
:105ED000802000F025F81D2821D104460020002153
:105EE0000022002301F012FB4FF4006010E01B20A1
:105EF00010BD4FF4803000F013F81D2818BF10BDFE
:105F00000446002000210022002301F0FFFA0020B7
:105F100001F0F0FA01F0D4FB204610BD192010BDAD
:105F20002DE9F04182B004460020002701F000FC7A
:105F300080014FD440F27075C2F200052E88102007
:105F400008214022CDE9007701F018FB002001F084
:105F50000FFC01F02FFB1020FFF7BCF91D2840F0CB
:105F6000818031043720402201F008FB002001F03D
:105F7000FFFB01F01FFB3720FFF7ACF91D2871D1A3
:105F80004FF0FF300821302201F01EFB00200221DB
:105F900001F040FB01F07AFB33200021402201F0A8
:105FA000EDFA002001F0E4FB01F004FB3320FFF7E1
:105FB00091F91D2856D1804640F22A6001F076FB07
:105FC00060B1022001F072FBF0B1022001F068FB29
:105FD000122047E0062002B0BDE8F08100276E469F
:105FE00006E000BF40F22A6001F060FB0028E8D123
:105FF0004FF4001001F05AFB0028F3D001F004FB2D
:1060000046F827000137EDE7082001F04FFB20B1EB
:10601000082001F045FB142024E0202001F046FB7D
:1060200020B1202001F03CFB16201BE04FF4007053
:1060300001F03CFB28B14FF4007001F031FB172058
:1060400010E040F2FF70C0F2C00001F029FBDDE972
:10605000001040F2747200BAC2F2000209BAC2E93A
:10606000000140461D281DD1B4F5802F1DD0B4F588
:10607000803F25D140F27470C2F200008079C007E1
:106080001AD0288840220104372001F077FA002036
:10609000002401F06DFB01F08DFA3720FFF71AF9AB
:1060A0001D2822D002B0BDE8F08140F27470C2F227
:1060B00000008079400707D41A2002B0BDE8F081C3
:1060C000192002B0BDE8F081288840220104372061
:1060D00001F054FA002001F04BFB01F06BFA37207D
:1060E000FFF7F8F81D28DDD10224062021464022C2
:1060F00001F044FA002001F03BFB01F05BFA0620BE
:10610000FFF7E8F802B0BDE8F081000040F2F810B7
:10611000C2F20000007801281AD840F26470C2F27E
:10612000000040F268720068C2F2000240F6FC71A2
:10613000126801EA8001C2F3C23341EA927101316F
:106140009A1CC0F30340914001FA00F0800A7047A6
:1061500002281CBF0020704740F2647040F2687152
:10616000C2F20000C2F200010068498860F31541E4
:106170004FF4007000EB412070470000002804BF7E
:106180001920704710B540F2707240F2507340F21F
:10619000F811C2F20002C2F20003C2F2000112883A
:1061A0001B6891F800E0A0F844201A0E80F838E04F
:1061B00002706FF0FF0202EA13224280428899B215
:1061C00042EA112141801906416040F25471C2F245
:1061D000000109684FF47F02436802EA11221A4362
:1061E00042604FF47F42436802EA11221A43426040
:1061F0004268C1F307231A434260017240F25871AA
:10620000C2F20001096840F2687C0A0E42724FF047
:106210007F4202EA0122C260C26801F47F4342EA7F
:106220000322C260C268C9B21143C16040F25C710E
:10623000C2F200010968C2688BB242EA1162C26010
:106240004FF4706202EA11220282028AC9B242EA63
:10625000132249080282817440F26071C2F2000187
:106260000968BEF1010F4FEA917202754FEA1142BF
:1062700042754FEA11228275C17540F26471C2F213
:1062800000010A686FF00F0101EA12510183018BCE
:10629000C2F3035341EA03010183C2F30341817650
:1062A000C2F3C031C176C2F380310177C2F340310D
:1062B0004FEA12234177C2F30031C2F2000C81771A
:1062C0003BD84FF4406101EA83210162016AD2B2F6
:1062D00041EA82010162DCF80010026A0B0A42EA1C
:1062E00091720262C1F3C26280F82420C1F302629B
:1062F00080F82520C1F3425280F82620C1F3824263
:1063000080F82720062202EAD13280F8282090F86F
:106310002820C1F3C031114380F82810817E01226A
:1063200002FA01FE026A90F8284001320234A240CB
:1063300002FA01F1C0E90F1E1FE0BEF1020F1CD1ED
:106340004FF47C1101EA02410162DCF800106FF0A9
:10635000FF02046A02EA114222430262026A0B0C43
:10636000C1F3074111430162026A4FF400244FF464
:10637000007104EBC242C0E90F21C3F3801180F821
:1063800029107E2101EA430180F82A109CF80010B0
:1063900090F82A2042EAD11201F07F0180F82A20E9
:1063A00080F82B1040F26C71C2F200010968CA0F2C
:1063B00080F82C20C1F3826280F82D200C2202EAA2
:1063C000915280F82E2090F82E20C1F381531A4369
:1063D00080F82E20C1F3405280F82F20C1F3C03244
:1063E00080F83020C1F3803280F83120C1F3403290
:1063F00080F83220C1F3003280F83320C1F38122CB
:10640000C9B2490880F8342080F835101D2010BD2D
:10641000F0B581B001F080F9002800F0818042F6EB
:10642000344602200021C022C4F2010601F0A6F881
:10643000002001F09DF901F0BDF800BF306810F0B8
:10644000450FFBD000F0010110F0040001EB000447
:106450004FF004004FF0130504BF40F2FF70C0F28C
:10646000C00008BF1D2500291CBF0120112501F017
:1064700017F9002C40F0B08040F2FF740020C0F209
:10648000C00401F055F940F25071C2F200010860F9
:106490000120012701F04CF940F25471C2F20001D1
:1064A0000860022001F044F940F25871C2F2000184
:1064B0000860032001F03CF940F2F811C2F200013B
:1064C000097840F25C72C2F20002022910603DD8E5
:1064D00003200021402201F051F8002001F048F98A
:1064E00001F068F8306810F0450FFBD0C10719D1F2
:1064F00040071DD401F03AF803281ED1204601F0D0
:10650000CFF8002001F014F910F4604F17D0010407
:1065100018D4410411D40B25800458BF1D2512E066
:106520001A2559E00120012701F0BAF811250BE0E6
:10653000042001F0B5F8132505E0082503E0070C59
:106540001D2501E0072501271D2D45D140F2707062
:10655000C2F20000078039040920C02201F00EF8C1
:10656000002001F005F901F025F800BF306810F0B7
:10657000450FFBD0132500F0010110F0040018BFF7
:10658000042408BF1D250E1800291CBF0124112555
:10659000204601F085F8FEB9002001F0C9F840F26C
:1065A0006071C2F200010860012001F0C1F840F200
:1065B0006471C2F200010860022001F0B9F840F2F3
:1065C0006871C2F200010860032001F0B1F840F2E6
:1065D0006C71C2F200010860284601B0F0BD0000F5
:1065E00080B501040720402200F0C8FF002001F020
:1065F000BFF800F0DFFF0720BDE88040FEF76ABE6D
:10660000B0B582B0044600200190009040F2707056
:10661000C2F20000008842F6344501040D204022F9
:10662000C4F2010500F0AAFF002001F0A1F800F07B
:10663000C1FF00BF28680190019810F0450FF9D004
:106640000198C0074BD1019840074ED400F08EFF4F
:10665000019001980D284ED140F2FF70C0F2C000A9
:1066600001F01EF8002001F063F8009000984EF24F
:106670000801C0F3432020700098CFF6F95108427A
:106680003CD000990020002927D4B0EB917F38D16D
:10669000B0EB517F38D1B0EB117F38D1B0EBD16F77
:1066A00038D1B0EB916F38D1C80139D408023AD44F
:1066B000480220D4880239D4C8023AD408033BD413
:1066C000C8033CD408043DD448043ED488043FD4D5
:1066D00008074FF0100058BF1C2002B0B0BD0120C9
:1066E00000F0DEFF112002B0B0BD042000F0D8FFA2
:1066F000132002B0B0BD082002B0B0BD1D2002B012
:10670000B0BD012002B0B0BD022002B0B0BD032078
:1067100002B0B0BD042002B0B0BD052002B0B0BDD3
:10672000062002B0B0BD072002B0B0BD092002B003
:10673000B0BD0A2002B0B0BD0B2002B0B0BD0C202D
:1067400002B0B0BD0D2002B0B0BD0E2002B0B0BD91
:106750000F2002B0B0BD0000002804BF1920704710
:10676000B0B5044640F27070C2F2000000884022CA
:1067700001040D2000F002FF002000F0F9FF00F0FE
:1067800019FF0D20FEF7A6FD1D2818BFB0BD054658
:10679000002000F0CDFF014628462160B0BD00007A
:1067A000312000210022FEF7C3B800002DE9F0439C
:1067B000ADF51B7D052400BF0020FCF729FB002858
:1067C0001CBF013C5FEA0441F6D141F20008C4F26B
:1067D00001080546FBF7D2FCA7A140462A46FEF772
:1067E0005BF840F2E041C2F200010020FCF7CCFF70
:1067F00040F23474C2F2000402462080A6A1404652
:10680000FEF74AF8002D40F0A0802088002840F0D4
:106810009C80A7A14046FEF73FF840F23C2549F690
:106820008356C2F20005C0F60006284631460A2209
:10683000FCF7BEFF208040F2604744F24850C2F2AD
:106840000007C4F64C4042F24F0145F2553244F67F
:106850004413C4F24D31C5F25452C0F24F0387E8DD
:106860000F003846F9F727FD40F2F4130246C2F252
:10687000000328463946FDF7B1F920809BA1002886
:10688000404693A208BF1146FEF706F82846FCF7DB
:1068900071FF284631460122FCF78AFF208040B173
:1068A00049F6AD310246C0F600014046FDF7F4FF5F
:1068B0002EE040F26040C2F20000F9F7FCFC40F22A
:1068C0007416C2F20006814630468021F9F7E8FCD2
:1068D00040F27017C2F200070020386040F23C20FE
:1068E000C2F2000031467F223B46FDF73DF83B688F
:1068F00084460028208008BF4B4552D049F6D43149
:10690000C0F6000140466246CDF80090FDF7C4FF96
:1069100040F23C20C2F20000FCF72CFF01A840210D
:10692000F9F7BEFC49F60701C0F6000112A80A22D9
:10693000FCF73EFF68B10246062827D149F6A021A0
:10694000C0F600014046FDF7A7FF0DF51B7DBDE831
:10695000F08349F2F471C0F6000112A811AB1222C3
:10696000FDF73CF9119B0246002808BF122B35D0D9
:1069700049F67121C0F600014046FDF78DFF12A8CF
:10698000FCF7F8FE0DF51B7DBDE8F08349F61921F3
:10699000C0F600014046FDF77FFF0DF51B7DBDE809
:1069A000F08340F2741240F26040C2F20002C2F280
:1069B000000011464D4600BF2F0408D011F8014BCE
:1069C00010F8016B013DB442F6D0002F96D10020A3
:1069D00049F6FB41D054C0F6000166E712A8FCF767
:1069E000C9FE28B149F6EE110246C0F60001D1E712
:1069F00049F60701C0F6000112A80122FCF7D8FEF3
:106A000028B149F6C5110246C0F60001C2E70020D0
:106A100012AE119001A911AB30463F22FCF7A4FF42
:106A200005463046FCF7A6FE119B002D08BF122B31
:106A30000BD049F64321C0F6000140462A46FDF737
:106A40002BFF0DF51B7DBDE8F08349F2F471C0F614
:106A5000000101A81222F9F735FC20B149F60541E1
:106A6000C0F600016EE749F6CD4149F60702C0F6CF
:106A70000001C0F600028DE7534420436172642098
:106A80006469736B5F696E697469616C697A653A90
:106A900025640D0A00000000534420436172642005
:106AA000665F6D6F756E743A25640D0A0000000014
:106AB0000D0A5344204361726420496E6974696110
:106AC0006C697A652053756363657373210D0A00E1
:106AD00046415446532046494C45207772697465B7
:106AE0002053756363657373210D0A004641544654
:106AF000532046494C452077726974652066616968
:106B00006C6564210D0A0000B0B540F60240FEF746
:106B1000B9FD40F60340FEF7B5FD41F20B10FEF75C
:106B2000B1FD40F61640FEF7ADFD40F60005C4F29B
:106B3000020528460C214FF4F852FDF7F7FB05F546
:106B4000806420460C210422FDF7F0FB2846022138
:106B500001224FF47063FDF72BFC2846002101222F
:106B60004FF47063FDF74EFC2846022100224FF4DB
:106B70008053FDF71DFC2846002101224FF480536D
:106B8000FDF740FC2046022101220423FDF710FC02
:106B90002046002101220423FDF734FC00F04CFDC7
:106BA00000F0CCFB1D2811D1FFF732FC1D2818BFC7
:106BB000B0BD0446002000210022002300F0A6FC06
:106BC000002000F097FC00F07BFD2046B0BD0000E7
:106BD00010B540F22C14C2F200041D2020704FF4B6
:106BE000807000F08FFDA0B140F2AC70C2F20000E6
:106BF0000078012820D10C200021402200F0BEFCAA
:106C0000002000F0B5FD00F0D5FC0C20FEF762FB83
:106C100013E0022000F076FD30B3022000F06CFD9E
:106C20004CF23A3000F056FD40F21470C2F200000F
:106C300000210160122064E01D2020704FF480705C
:106C400000F05AFD4CF23A3000F044FD40F2B470CE
:106C5000C2F200000121016040F21470C2F2000093
:106C600000210160207810BD082000F04BFD70B1BC
:106C7000082000F041FD4CF23A3000F02BFD40F2CC
:106C80001470C2F2000000210160142039E04FF4BA
:106C9000007000F037FD78B14FF4007000F02CFD6B
:106CA0004CF23A3000F016FD40F21470C2F20000CF
:106CB00000210160172024E0102000F023FD70B1B6
:106CC000102000F019FD4CF23A3000F003FD40F2C4
:106CD0001470C2F2000000210160152011E0202094
:106CE00000F010FD70B1202000F006FD4CF23A30AB
:106CF00000F0F0FC40F21470C2F2000000210160CC
:106D000016202070207810BD2DE9F04F81B0044688
:106D10000020002C009069D040F22C1A0D46C2F2DF
:106D2000000A1D2140F2B47B40F2B07917468AF880
:106D30000010C2F2000BC2F20009002100221E4620
:106D4000CBF80000C9F8000000F03EFC0020002154
:106D500000F060FC00F090FC00F07AFC002000F0F5
:106D6000E7FC800117D440F2F810C2F2000000786E
:106D70000022022804BF4FF400776D0A791E88B202
:106D8000B2EBD02F4FF0190008BF11EA070106D06F
:106D900001B0BDE8F08F062001B0BDE8F08F012FF3
:106DA00002D14FF000080AE000203946C1F34E013D
:106DB000012900F10100F9D100015FFA80F81020EB
:106DC0003946402200F0DAFB002000F0D1FC00F050
:106DD000F1FB1020FEF77EFA022ED9D31D28D7D161
:106DE00007FB06F10020B0EB516F03D0192001B072
:106DF000BDE8F08F40F2AC70C2F2000001220270D8
:106E00004FF0FF304246C9F8001000F0DDFB0220D1
:106E1000002100F0FFFB00F039FC1220294640223F
:106E200000F0ACFB002000F0A3FC00F0C3FB12203C
:106E3000FEF750FA1D28ABD140F23011C2F200012A
:106E4000096819B30129D1D1054640F22A3000F072
:106E50002DFC80B94FF4004000F028FC0028F4D04D
:106E6000002600BF00F0D0FB44F826000136082EB3
:106E7000F8D12034E9E7022000F018FCE0B302204A
:106E800000F00EFC122001B0BDE8F08F054640F284
:106E90002A3000F029FC00F0E5FB2046FCF718F949
:106EA00048F2A06046F20044C0F20100C4F20204BD
:106EB0000090204603212022FCF796F870B9009834
:106EC00060B1009801380090009800284FF01C0035
:106ED000EFD15DE79AF800001D2803D1DBF8000030
:106EE0000028F7D09AF800001D28284618BF9AF805
:106EF000000001B0BDE8F08F082000F0D7FB30B1F2
:106F0000082000F0CDFB142001B0BDE8F08F202058
:106F100000F0CCFB30B1202000F0C2FB162001B005
:106F2000BDE8F08F4FF4007000F0C0FB38B14FF4B3
:106F3000007000F0B5FB172001B0BDE8F08F4FF4F2
:106F4000001000F0B3FB50B1043C00F05DFB44F8CE
:106F5000040F4FF4001000F0A9FB0028F5D14FF406
:106F6000807000F0A3FBB8B140F2F810C2F200004C
:106F70000078022810D80C200021402200F0FEFAF0
:106F8000002000F0F5FB00F015FB0C20FEF7A2F945
:106F90001D2805467FF4FCAE40F2FF70C0F2C00031
:106FA00000F07EFB284601B0BDE8F08F2DE9F04FE0
:106FB00083B004460020002C8DF80B0001907DD09A
:106FC00040F22C1B0D46C2F2000B1D2140F2B47999
:106FD00040F2B07A17468BF80010C2F20009C2F2F4
:106FE000000A002100221E46C9F80000CAF800006D
:106FF00000F0EAFA0020002100F00CFB00F03CFB5E
:1070000000F026FB002000F093FB800117D440F233
:10701000F810C2F2000000780022022804BF4FF4EA
:1070200000776D0A791E88B2B2EBD02F4FF01900AD
:1070300008BF11EA070106D003B0BDE8F08F0620B3
:1070400003B0BDE8F08F0020012F09D0394600BF02
:10705000C1F34E01012900F10100F9D10001C0B2D4
:10706000009010203946402200F088FA002000F0FD
:107070007FFB00F09FFA1020FEF72CF91D28DBD1D2
:1070800040F27078C2F20008B8F800004022010413
:107090000D2000F073FA002000F06AFB00F08AFA7D
:1070A0000D20FEF717F91D28C6D1022EC0F09F80D3
:1070B000304677430020B0EB576F03D0192003B060
:1070C000BDE8F08F40F2F810C2F20000007802280C
:1070D0001FD8B8F8000040220104372000F04EFA13
:1070E000002000F045FB00F065FA3720FEF7F2F8CB
:1070F0001D28A1D117203146402200F03FFA002080
:1071000000F036FB00F056FA1720FEF7E3F81D28D2
:1071100092D119202946402200F030FA002000F0D8
:1071200027FB00F047FA1920FEF7D4F81D287FF45A
:1071300083AF40F2AC70C2F200000121009A0170EE
:107140004FF0FF303946CAF8007000F03DFA0020D9
:10715000002100F05FFA00F099FA40F23010C2F21C
:1071600000000068A0B10128A8D140F21A3000F058
:107170009DFA00285ED0022000F098FA002800F066
:107180008B80022000F08CFA122003B0BDE8F08F53
:1071900040F21A3000F0A8FA00F064FA2046FCF73A
:1071A00043F840F6405046F20044C0F20300C4F2F7
:1071B00002040190204603212022FBF715FF70B93D
:1071C000019860B1019801380190019800284FF0B2
:1071D0001C00EFD130E79BF800001D2803D1D9F83F
:1071E00000000028F7D09BF800001D285FD140F276
:1071F000FF70C0F2C00000F053FA0DF10B00FFF772
:10720000FFF91D287FF418AF9DF80B1001F0FE0167
:1072100006297FF411AF0DF10B042046FFF7F0F9BA
:107220001D287FF409AF9DF80B1001F0FE0106291F
:10723000F3D001E700254FF0010805E040F21A30D5
:1072400000F034FA002896D14FF4804000F02EFA76
:107250000028F3D0DAF80000401B202811D287085C
:10726000810718BF08EB9007002FE7D0BE00043C51
:1072700054F8040F00F0DAF9013FF9D13544043431
:10728000DCE7002654F8260000F0D0F90136082E7D
:10729000F8D120342035D1E7082000F007FA58B1A2
:1072A000082000F0FDF9142003B0BDE8F08F9BF832
:1072B000000003B0BDE8F08F102000F0F7F930B106
:1072C000102000F0EDF9152003B0BDE8F08F4FF469
:1072D000007000F0EBF938B14FF4007000F0E0F905
:1072E000172003B0BDE8F08F4FF4807000F0DEF996
:1072F000B0B140F2F810C2F20000007802280FD8B6
:107300000C200021402200F039F9002000F030FA72
:1073100000F050F90C20FDF7DDFF1D287FF48CAE46
:1073200040F2FF70C0F2C00000F0BAF95FE7000061
:1073300080B5002000F0F6F91D2080BD2DE9F04752
:10734000002000210022762300F0E0F8002000F069
:10735000D1F800F0B5F9032000F0E4F900F0FCF8F2
:1073600000200021002200F009F9002000F000FABE
:1073700000F020F947F65F14CFF6FE74802000F08D
:1073800095F904F1010408B9002CF7D14CB140F291
:10739000FF70C0F2C00000F083F91D2024B9BDE8E1
:1073A000F0871320002CFAD0064642F63445082018
:1073B0004FF4D5714022C4F2010500F0DFF800203F
:1073C00000F0D6F900F0F6F84DF6EF01CFF6FF71B8
:1073D0002868013110F0450F01D10029F8D142078A
:1073E00012D489B140F2000A4006C8F2100A12D540
:1073F000402000F055F940F2F810C2F200000121DF
:107400000AF1804A017006E040F2000A0420C8F246
:10741000100A00F045F937200021402200F0AEF8B4
:10742000002000F0A5F900F0C5F83720FDF752FF65
:107430001D283046B3D140F2FF790021C0F2C009C7
:107440004FF6FE780F4637200021402200F096F8D4
:10745000002000F08DF900F0ADF83720FDF73AFF7D
:107460001D289CD129205146402200F087F8002099
:1074700000F07EF900F09EF82E6816F0450FFBD064
:10748000484616F0040418BF042000F009F90CBBAC
:10749000002000F04DF9002803D4474507F1010111
:1074A000D0D3014670074FF013004FF6FD7258BF5E
:1074B0001D20974284BF1820BDE8F087490058BFBF
:1074C000BDE8F08740F2F811C2F2000102220A7012
:1074D000BDE8F0871320BDE8F087000001288FBFCA
:1074E000192040F23011C2F20001086098BF1D203F
:1074F0007047000042F60441C4F201010A6822F418
:10750000C0520A600A6810430860704710B542F61E
:10751000044CC4F2010CDCF800E04DF60014C7F690
:10752000FF7404EA0E040843FF2B84BFA3F58073A5
:1075300004F10044104399B208432043CCF8000002
:1075400010BD000042F60440C4F20100016821F4BD
:10755000807101607047000042F60440C4F20100EF
:10756000016841F4807101607047000042F61040EC
:10757000C4F201000068C0B27047000080B542F656
:107580000C4EC4F2010EDEF800C010432CF48063F0
:10759000CEF800305EF8043C00234EF8043C4EF870
:1075A000041CDEF8001021F0FF010843CEF80000B3
:1075B00080BD000042F60C40C4F20100016841F4B5
:1075C000806101607047000042F62C4CC4F2010C4F
:1075D0005CF8083C00234CF8083C5CF8043C03F0E1
:1075E0007E434CF8043CDCF8003023F0F003CCF888
:1075F00000304CF8080C4CF8041CDCF80000104378
:10760000CCF800007047000042F68040C4F2010050
:107610000068704742F62C42C4F201021368084326
:1076200023F00603184310607047000042F68041C3
:10763000C4F201010860704780B540F60B10FEF7F8
:1076400041F840F60B10BDE88040FEF72BB8000073
:1076500042F62C40C4F20100016821F008010160EB
:107660007047000042F62C40C4F20100016841F06E
:10767000080101607047000042F62C40C4F201008E
:10768000016821F0010101607047000042F62C40C2
:10769000C4F20100016841F001010160704700007F
:1076A00042F63841C4F201010860704742F63441A5
:1076B000C4F201010968084018BF012070470000AA
:1076C00042F60440C4F20100016821F480410160E7
:1076D0007047000042F63C41C4F201010A6822EA08
:1076E000000008607047000042F63C41C4F201010E
:1076F0000A6810430860704742F63841C4F201013D
:107700000860704742F63441C4F20101096808403C
:1077100018BF01207047000042F60040C4F201008B
:107720000068704742F60041C4F2010108607047EA
:10773000032884BF00207047DFE800F00214080E21
:1077400042F61440C4F201000068704742F614404B
:10775000C4F201008068704742F61440C4F2010090
:10776000C068704742F61440C4F201004068704798
:1077700042F60C41C4F201010A6822F440720A6028
:107780000A68104308607047016821F040010160F9
:107790007047000042686FF00103002908BF6FF0D6
:1077A000020302EA030141607047000042680123BE
:1077B000002908BF022342EA03014160704700002C
:1077C000016841F04001016070470000F0B581B0F0
:1077D0000025C4F202050F46064628464FF4004134
:1077E0001446FCF7DBFD032000F0B8F8C7F30740B0
:1077F00000F0B4F8C7F3072000F0B0F8F8B200F0DA
:10780000ADF84CB1013E00BFA520013C00F0A6F848
:10781000210406F8010FF7D128464FF4004101B0CA
:10782000BDE8F040FCF7BCBD10B543F20004C4F263
:10783000010404F550404FF40041FCF7B1FD20462F
:10784000BDE81040FFF7BCBFF0B581B00024C4F222
:1078500002040F46064620464FF400411546FCF749
:107860009DFD062000F07AF820464FF40041FCF719
:1078700097FD20464FF40041FCF790FD022000F0F8
:107880006DF8C7F3074000F069F8C7F3072000F070
:1078900065F8F8B200F062F83DB1013E16F8010F4C
:1078A000013D00F05BF82804F8D120464FF4004178
:1078B000FCF776FD20464FF40041FCF76FFD0520F4
:1078C00000F04CF8A52000F049F8C007FAD1204696
:1078D0004FF4004101B0BDE8F040FCF761BD00008D
:1078E000B0B50024C4F20204054620464FF400411E
:1078F000FCF754FD062000F031F820464FF400411B
:10790000FCF74EFD20464FF40041FCF747FD2020D8
:1079100000F024F8C5F3074000F020F8C5F3072075
:1079200000F01CF8E8B200F019F820464FF40041CE
:10793000FCF736FD20464FF40041FCF72FFD0520F3
:1079400000F00CF8A52000F009F8C007FAD1204695
:107950004FF40041BDE8B040FCF722BD2DE9F041F5
:107960008AB046F2004440F28875C4F20204C2F2C2
:107970000005287020460321FBF7F2FAA4F59830A1
:10798000A0F57D76402003950790012001AD0027EA
:107990004FF40038089002900690204603212A46B2
:1079A00001960597CDF824800497FBF7EDFB204660
:1079B00003210322FBF7B4FA20460221FBF7D0FA99
:1079C000019640F27C76C2F20006204602212A4649
:1079D00003960797CDF82480FBF7D6FB20460221BB
:1079E0000322FBF79DFA20460221FBF78FFA20467F
:1079F0000321FBF78BFAA4F59A3528460121FFF7FE
:107A0000D5FE28460021FFF7D1FE00BF2046022107
:107A10002022FBF7E9FA0028F8D028460121FFF7D9
:107A2000B9FE28460021FFF7B5FE20460221FBF7EC
:107A300063FA20460321FBF75FFA20460221202249
:107A4000FBF7B6FA204603212022FBF7B1FA307883
:107A50000AB0BDE8F08100002DE9F04389B046F29C
:107A60000045C4F20205A5F5A848064640464FF475
:107A70008061FCF793FC40F2A074C2F2000470BA7B
:107A8000208028460421FBF76BFAA5F59630A0F577
:107A90007D77402006900220079001206E460294D8
:107AA00000244FF400390190059028460421324605
:107AB00000970494CDF820900394FBF765FB2846CB
:107AC00004210522FBF72CFA28460321FBF748FA8C
:107AD000009740F29477C2F200072846032132460D
:107AE00002970694CDF82090FBF74EFB2846032121
:107AF0000522FBF715FA28460321FBF707FA28466B
:107B00000421FBF703FAA5F5983630460121FFF76B
:107B10004DFE30460021FFF749FE00BF28460321F5
:107B20002022FBF761FA0028F8D030460121FFF748
:107B300031FE30460021FFF72DFE28460321FBF7DA
:107B4000DBF928460421FBF7D7F928460321202238
:107B5000FBF72EFA284604212022FBF729FA388861
:107B60004FF4806100BA050C4046FCF719FC28462A
:107B700009B0BDE8F083000070B50268D1E902E405
:107B800002F4415CD1E90032D1E9045643EA0C0326
:107B90001A4342EA0E02224389692A4332431143BF
:107BA0000160C16921F40061C16170BD2DE9F04738
:107BB000804658F82C7F04466FB3207958B360781C
:107BC00004F1300A51463A4601234FF00109FBF710
:107BD00073F94FF0000618B116BB4846BDE8F087B0
:107BE000D4E9070126710844874214D2E578022DB2
:107BF00011D30126E16960780F4451463A460123CA
:107C0000FBF75AF9013DE8B20128F3D84FF000091B
:107C1000002EE2D004E04FF000090126002EDCD057
:107C20002078032828D1607930B340464FF40171A1
:107C3000F8F736FB45F25220C4F26110254645F8AC
:107C4000300F4AF65520A5F8FE0147F27220C6F221
:107C50004110C5F8E40155E9091055F81C2CC5F888
:107C6000E80115F82F0CC5F8EC1129460123FBF7A4
:107C700023F9002005F82B0C607800210022FBF787
:107C8000F5F8002818BF4FF001094846BDE8F08715
:107C90008A08032A88BF70470C2303EA81010F2357
:107CA0008B4000FA01FC01EB8200D943DFE802F0CF
:107CB00002260E1A43F60800C4F2010002681140C1
:107CC0000160016841EA0C010160704743F6080059
:107CD000C4F20100826811408160816841EA0C01B0
:107CE0008160704743F60800C4F20100C268114089
:107CF000C160C16841EA0C01C160704743F60800E9
:107D0000C4F20100426811404160416841EA0C013F
:107D10004160704740F20000C2F20000006844F683
:107D2000D351C1F26201A0FB01014FF0FF3000EB23
:107D30009110B0F1807F11D24EF21001CEF200010D
:107D400048604EF62350CEF20000F022027000226E
:107D500007238A600B600270704700BFFEE70000D7
:107D60002DE9F043ADF5017D41F20008C4F20108B0
:107D70006EA14046FCF790FD08F5704528464FF48B
:107D80000041FCF70DFB08F50050FFF719FD6DA150
:107D90004046FCF781FD28464FF40041FCF7FEFA0F
:107DA0009F20FFF7DBFDA520FFF7D8FD0646A520A5
:107DB000FFF7D4FD0746A520FFF7D0FD044628466F
:107DC0004FF40041FCF7ECFA380240EA0640021991
:107DD00063A14046FCF760FD66A1404600220024F6
:107DE000FCF75AFD0020FFF77BFD6CA14046FCF735
:107DF00053FD01AD284600214FF48072FFF7E6FCE9
:107E000049F6341049F64A11C0F60000C0F60001E8
:107E10002A5DFF2A04D10134B4F5807FF8D100E057
:107E200001464046FCF738FD0DF5827909F13E0028
:107E3000C221F8F735FA49F69050C0F6000090E8F4
:107E40008E00D0E9046441AD8EC500F12007D0E971
:107E500006CECDE945648ECFD0E90C64856B808F6A
:107E60004991ADF84001002049F6D5014B934A9263
:107E70008DF84201C0F60001404600224B464C9767
:107E8000CDE947CECDE94D644F95FCF705FD484659
:107E900000214FF48072FFF7D7FC09F580704FF492
:107EA00080710022FFF7D0FC41A14046FCF7F4FCB2
:107EB00049F60F11C0F6000140460022FCF7ECFC29
:107EC00001AC20464FF48071F8F7EAF92046002112
:107ED0004FF48072FFF77AFC49F6FB01C0F600010F
:107EE00040464FF480722346FCF7D6FC48462146B4
:107EF0004FF48072F8F7E6F949F6B90149F67412C1
:107F0000C0F6000100284046C0F6000208BF114636
:107F1000FCF7C2FC49F6A011C0F600014046FCF790
:107F2000BBFC0DF5017DBDE8F08300BF5350492037
:107F3000464C4153482054657374205374617274E5
:107F40000D0A000053504920466C61736820496E49
:107F5000697469616C697A65642E0D0A000000001D
:107F6000466C6173682049443A203078256C580D7E
:107F70000A00000045726173696E6720736563745F
:107F80006F7220617420616464726573732030784D
:107F9000256C582E2E2E0D0A0000000053656374C8
:107FA0006F72206572617365642E0D0A0000000017
:107FB00044617461207772697474656E2E0D0A00D5
:107FC00010B541F6FF31C4F2000188421BDC40F6D7
:107FD000FF31C4F20001884230DD41F2FF31C4F2CA
:107FE0000001884250DC40F60041C4F200018842A2
:107FF00069D041F20001C4F20001884240F0828061
:1080000040F6040476E040F2FF31C4F201018842F8
:1080100026DD44F2FF31C4F20101884243DC40F224
:108020000041C4F20101884250D044F20001C4F280
:108030000101884266D14FF411645BE0B0F1804FDA
:108040004DD040F20041C4F2000188424DD040F6CC
:108050000001C4F20001884254D140F6020449E014
:1080600041F60041C4F2000188423BD042F20001D7
:10807000C4F2000188423BD00021C4F201018842D1
:1080800040D14FF4106435E041F20041C4F20001E8
:1080900088421ED041F60001C4F20001884231D16D
:1080A00040F6060426E044F20041C4F20101884291
:1080B00012D044F60001C4F20101884218BF10BD7D
:1080C00040F6121416E040F6030413E040F60114E3
:1080D00010E040F605040DE040F611140AE04FF4FC
:1080E000006407E040F6070404E040F6010401E004
:1080F00040F608042046FDF7E5FA2046BDE81040AA
:10810000FDF7D0BA10BD0000016821F00101016047
:1081100070470000016841F00101016070470000F4
:108120000A8840F2004C826240F6FF32C4F200023C
:108130009042C4F2010C0FDCB0F1804F19D040F234
:108140000043C4F20003984213D040F60003C4F287
:10815000000398420DD018E040F60043C4F200033B
:10816000984206D0604504D00023C4F2010398422F
:108170000BD1036823F0700303604B8802681A4335
:1081800002608A8803681A43026080B541F20002E7
:10819000D1F808E020F48063C4F200029342C0F8F2
:1081A0002CE007D0026822F440720260CA8803689B
:1081B0001A43026040F48062624504BF097B016398
:1081C000416941F00101416180BD0000426822F037
:1081D00070024260426811434160704700214FF6CF
:1081E000FF72C0E90011826001737047B0B540F2C0
:1081F0004C75C2F200052878002808BFB0BD40F2D7
:10820000BC74C2F2000441F2000007A1C4F20100F4
:108210002246FCF741FB20464FF40071F8F740F886
:1082200000202870B0BD00BF2573000070B5FCF7BA
:10823000FBFCFCF7F3FC44F6D351C1F26201A0FB56
:10824000011244F24021C0F20F01884240F248116D
:1082500000EE100A4FF00000C2F200019FED1D1A5F
:1082600038BF01204876B8EE400A487E80EE012AE9
:1082700081EE000A9FED181A002808BFB0EE420AEE
:1082800020EE010AB6EE001A30EE010ABDEEC00A79
:10829000900940F21076002381ED040A4861EFF363
:1082A000108572B6C2F200063360FBF7EDFFBFF334
:1082B0004F8FBFF36F8F00BFBFF34F8F0446BFF3E5
:1082C0006F8FFBF7E1FF31682144401A306085F37E
:1082D000108870BD0024744900008047B0B5044682
:1082E00047F2FF70C4F200000D4684424FF00000D8
:1082F0000EDC44F6FF31C4F200018C4217DC44F27C
:108300000041C4F200018C421DD044F6000116E089
:1083100040F6FF71C4F201018C422FDC47F60001E8
:10832000C4F200018C420ED047F6004107E044F64B
:108330000041C4F200018C4205D045F20001C4F2B4
:1083400000018C4203D102210846FDF74BF8E16899
:10835000090406D400EB5500B0FBF5F080B2A06034
:10836000B0BD400000EB5500B0FBF5F04FF6F071EA
:108370000140C0F342000844A060B0BD41F20001DA
:10838000C4F201018C424FF00301DDD041F2004202
:10839000C4F201029442D7D0D9E7000040686FF3DD
:1083A0005F2070476FF35F214160704710B547F25F
:1083B000FF71C4F20001884214DC44F6FF31C4F2BC
:1083C0000001884224DC44F20041C4F200018842EA
:1083D0003CD044F60001C4F20001884249D140F685
:1083E00012043EE040F6FF71C4F2010188421EDC37
:1083F00047F60001C4F2000188422AD047F6004146
:10840000C4F20001884218BF10BD40F61F0428E0E6
:1084100044F60041C4F2000188421DD045F200013B
:10842000C4F20001884224D140F6140419E041F25C
:108430000001C4F20101884211D041F20041C4F2AE
:108440000101884215D140F605140AE040F61104F6
:1084500007E040F61E0404E040F6130401E040F695
:1084600004142046FDF72EF92046BDE81040FDF724
:1084700019B910BDC16821F40051C16070470000F6
:10848000426901F0400122F0400242614269114319
:1084900041617047C16841F40051C16070470000FC
:1084A0008A09105801F01F01C84000F00100704710
:1084B00001F01F0289094FF0010C0B580CFA02F26F
:1084C00023EA02020A50704701F01F0289094FF0A7
:1084D000010C0B580CFA02F21A430A5070470000C4
:1084E000C1F3891252F800C08A0D105801F01F0321
:1084F000C1F30441C8402CFA03F1084000F0010028
:1085000070470000C26822F004021143C160704746
:10851000C26822F008021143C16070477CB50C00AC
:108520001D461646014601D0601E00E00020CDE940
:108530000010064B6A462946304600F0DBF8002C56
:1085400002D0009A002111707CBD0000238E00082B
:1085500002E008C8121F08C1002AFAD1704770470C
:10856000002001E001C1121F002AFBD1704700006A
:108570002DE9FF5F82B00021DDE90430020DDDF856
:1085800040B0034318D044F61050A2F2FF324243E9
:108590001514119801281FD0A5EB0B00401C5FEAB1
:1085A000000A4FF000064E4FDFF83891B0465046B3
:1085B00015D5CAF1000413E0119801244AA301283B
:1085C00001D16FEA0B010298119AC0E90031C0E9AC
:1085D000024206B0BDE8F09FCBF10000DFE70446A1
:1085E0000021404A491842EB0450CDE9001012E046
:1085F000E00707D032463B4640464946F7F785FF3D
:108600008046894632463B4610461946F7F77DFFBD
:1086100006460F466410002CEAD1DDE90401DDE9CD
:108620000023BAF1000F06DAF7F76FFF42464B4618
:10863000F7F76BFF05E0F7F7DAFF42464B46F7F72F
:10864000D6FF04460E460022284BF8F757F803D809
:108650004FF0FF30014607E00022254B204631460F
:10866000F7F7ACFEF8F732F8102409E0002C0ADB2B
:108670000A220023F7F771FE039B30321A55641E5D
:1086800050EA0102F2D1641C039AC4F111031444AC
:10869000119A012A03D0012208430DD10AE00843B0
:1086A00004D000204FF0110B119072E7A3EB0B05E3
:1086B0006D1E0DE05B4504DD4FF0000205F1010584
:1086C00004E003DA4FF00002A5F10105002AECD026
:1086D00002981199C0E90231C0E9004579E700002C
:1086E000000014400000F03F300000000000F043A4
:1086F0000000E03F2DE9FF4F95B09B4689460646B6
:1087000000250FE2252877D100242746F84A0121C9
:10871000059400E0044316F8013F203B01FA03F002
:108720001042F7D130782A2811D06FF02F0330781B
:10873000A0F13002092A16D8059A44F0020402EB8F
:10874000820203EB42021044761C0590EFE759F8D1
:10875000042B0592002A03DA504244F40054059099
:1087600044F00204761C30782E2816D116F8010F3A
:1087700044F004042A280DD06FF02F023078A0F1C5
:108780003003092B09D807EB870302EB4303C71813
:10879000761CF3E759F8047B761C30786C280FD0F0
:1087A00006DC4C2817D068280DD06A2814D104E0C4
:1087B000742810D07A280FD10DE044F400140AE098
:1087C00044F4801401E044F440147278824202D1EF
:1087D00004F58014761C761C307866280BD013DCE8
:1087E000582877D009DC002875D04528F6D04628CF
:1087F000F4D047281AD19DE118E0632835D06428C9
:1088000079D0652812D195E1702873D008DC6728EB
:10881000F1D069286FD06E280DD06F2806D1B5E051
:1088200073282CD0752875D0782874D05A4617999B
:1088300090476D1C75E1C4F30250022809D003284B
:108840000DD0D9F8001004280DD00D6009F10409ED
:1088500067E1D9F80010EA17C1E90052F6E7D9F844
:1088600000100D80F2E70D70F0E719F8041B8DF889
:10887000001000208DF80100EA46012003E059F8BD
:1088800004AB4FF0FF3061074FF0000102D40DE060
:1088900008F101018846B9420FDA8045F8DB1AF881
:1088A00008100029F4D108E008F10101884681424E
:1088B000FADB1AF808100029F6D105985B46A0EB00
:1088C000080721463846179A00F094FA284400EB2E
:1088D000080507E04DE029E10DE01AF8010B5A46C2
:1088E00017999047B8F10108F7D25B462146384600
:1088F000179A13E142E00A220092C4F302524FF0A9
:10890000000A022A08D059F804CB032A4FEAEC7176
:108910000AD00DE029E02AE009F1070121F0070261
:10892000F2E802C1914609E00FFA8CFC4FEAEC71C3
:10893000042A03D14FFA8CFC4FEAEC71002907DAC4
:108940000A460021DCF1000C61EB02012D2202E05D
:10895000220504D52B228DF80420012203E0E20732
:1089600001D02022F7E7904659E00A2102E01022C8
:108970000DE010214FF0000A00910BE010224FF0A3
:10898000000A44F004040827009203E008224FF094
:10899000000A0092C4F30252022A05D059F804CB0F
:1089A0000021032A08D009E009F1070121F007029C
:1089B000F2E802C1914605E01FFA8CFC042A01D1BD
:1089C0000CF0FF0C4FF00008220728D5702806D0C5
:1089D000009B83F0100353EA0A0305D00EE0402207
:1089E0008DF80420012208E05CEA010206D0302262
:1089F0008DF804208DF8050002229046009B83F03C
:108A0000080353EA0A030AD15CEA010201D16207B2
:108A100005D530228DF804204FF001087F1E58281C
:108A200004D034A003900EA802900DE036A0F9E720
:108A300053466046009AF7F790FC84460398825CA0
:108A40000298401E029002705CEA0100F0D1029888
:108A500006A9081A00F1200A600702D524F4803420
:108A600000E00127574502DDA7EB0A0000E00020E7
:108A700000EB0A01009005984144401A0590E0037C
:108A800006D45B462146179A059800F0B3F90544D1
:108A9000002706E001A85A46C05D179990476D1C53
:108AA0007F1C4745F6DBE0030CD55B462146179A51
:108AB000059800F09FF9054404E030205A461799C4
:108AC00090476D1C0099481E00900029F5DC08E0D5
:108AD000029802995A460078491C029117999047CA
:108AE0006D1CBAF10001AAF1010AF1DC65E1000098
:108AF0000928010030313233343536373839616274
:108B00006364656600000000303132333435363737
:108B100038394142434445460000000000F058F90E
:108B20000544761C307800287FF4ECAD19B0284657
:108B3000BDE8F08F620700D4062709F1070222F092
:108B4000070CFCE80223E14603F000485FEA080C4A
:108B500002D00FF2702C0DE05FEA045C02D50FF238
:108B6000682C07E05FEAC47C02D00FF2602C01E0C1
:108B7000AFF2700C4FF0FF3823F00043CDF850C037
:108B800065280CD006DC452809D046281DD047288A
:108B90003DD13DE0662818D067287ED138E000211D
:108BA000112F01DB112000E0781CCDE9000106A99E
:108BB0000EA8FFF7DDFCDDE90F010E9A03910021FD
:108BC000009207F1010A04914DE04FF00040009738
:108BD000CDE9011006A90EA8FFF7CAFCDDE90F02D6
:108BE00003920E9B11990022DDF80CA000930492D1
:108BF00011B9791C00EB010AB7EB0A0004D4C0F1EB
:108C0000FF3007F1010A0490AAEB0700019044E04D
:108C1000012F00DA01270021112F01DD112000E0D2
:108C20003846CDE9000106A90EA8FFF7A1FCDDE951
:108C30000F010E9A0391002104910092BA46210778
:108C40000CD40399514500DA8A46BAF1010F05DDCB
:108C5000009AAAF10101515C302908D0B84202DA29
:108C600010F1040F06DA0121CDE9011015E0AAF197
:108C70000101E9E7002805DC049901440491AAEB0D
:108C8000000102E0411C514500DD8A460499401A6A
:108C9000401C01904FF000400290200704D401983E
:108CA000504501DBCDF8048000208DF84F0002987C
:108CB0000DF14F07B0F1004F25D02B200E900298F8
:108CC0004FF0020800280CDA404202902D200E904E
:108CD00007E00A210298F7F72AFB3031029007F8E3
:108CE000011DB8F10001A8F10108F2DC029800288A
:108CF000EFD1791E0E980870307800F0200040F017
:108D0000450007F8020D12A8C01B00F107081498CF
:108D1000007800B1012000EB0A01019801EBE0713D
:108D200005984144401A401E0590E00306D45B4676
:108D30002146179A059800F05DF8054414980078CC
:108D400018B15A46179990476D1CE00324D55B462D
:108D50002146179A059800F04DF805441CE0049848
:108D6000002807DBDDE90301884203DD0098405C51
:108D7000179901E0179930205A469047049805F159
:108D80000105401C04900198401E019004D12E2042
:108D90005A46179990476D1CBAF10001AAF1010AD1
:108DA000DDDC05E017F8010B5A46179990476D1C5A
:108DB000B8F10001A8F10108F4DC5B462146179ADE
:108DC0000598ABE62D0000002B00000020000000FD
:108DD0002DE9F041044600251E461746880404D4B8
:108DE00005E039462020B0476D1C641EF9D52846A1
:108DF000BDE8F0812DE9F041044600251E4690466D
:108E0000C80301D5302700E02027880404D505E0F9
:108E100041463846B0476D1C641EF9D52846BDE86A
:108E2000F0814A68002A06D00A68531C0B60107053
:108E30004868401E486070470000000000000000C5
:108E4000002F000000000700070000147F147F14AB
:108E500000242A7F2A120062640813230036495531
:108E6000225000000503000000001C224100000009
:108E700041221C000014083E08140008083E08089F
:108E8000000000A0600000080808080800006060FA
:108E90000000002010080402003E5149453E000039
:108EA000427F4000004261514946002141454B311B
:108EB000001814127F10002745454539003C4A49E7
:108EC0004930000171090503003649494936000659
:108ED0004949291E000036360000000056360000C1
:108EE000000814224100001414141414000041223C
:108EF000140800020151090600324959513E007C14
:108F00001211127C007F49494936003E41414122FD
:108F1000007F4141221C007F49494941007F0909E6
:108F20000901003E4149497A007F0808087F000096
:108F3000417F4100002040413F01007F0814224151
:108F4000007F40404040007F020C027F007F040809
:108F5000107F003E4141413E007F09090906003E65
:108F60004151215E007F091929460046494949318E
:108F70000001017F0101003F4040403F001F2040B1
:108F8000201F003F4038403F00631408146300076F
:108F90000870080700615149454300007F414100C6
:108FA00000552A552A55000041417F000004020166
:108FB0000204004040404040000001020400002044
:108FC00054545478007F4844443800384444442082
:108FD00000384444487F00385454541800087E092F
:108FE00001020018A4A4A47C007F080404780000F7
:108FF000447D4000004080847D00007F10284400B4
:109000000000417F4000007C04180478007C0804C4
:10901000047800384444443800FC24242418001800
:10902000242418FC007C08040408004854545420EC
:1090300000043F444020003C4040207C001C204075
:10904000201C003C4030403C004428102844001CB8
:10905000A0A0A07C004464544C44141414141414B0
:109060000000000000000000000000000000000000
:10907000000000F800000000000000333000000095
:1090800000100C06100C060000000000000000009C
:1090900040C07840C0784000043F04043F0404000E
:1090A000007088FC08300000001820FF211E00001E
:1090B000F008F000E018000000211C031E211E0033
:1090C00000F00888700000001E21232419272110B9
:1090D00010160E000000000000000000000000005C
:1090E000000000E018040200000000071820400003
:1090F00000020418E00000000040201807000000F3
:10910000404080F0804040000202010F0102020056
:10911000000000F0000000000101011F010101003A
:10912000000000000000000080B07000000000009F
:109130000000000000000000000101010101010128
:1091400000000000000000000030300000000000BF
:109150000000000080601804006018060100000094
:1091600000E010080810E000000F102020100F0091
:10917000001010F8000000000020203F2020000018
:109180000070080808887000003028242221300070
:1091900000300888884830000018202020110E0078
:1091A0000000C02010F8000000070424243F240021
:1091B00000F80888880808000019212020110E00F6
:1091C00000E0108888180000000F112020110E0008
:1091D00000380808C83808000000003F0000000000
:1091E0000070880808887000001C222121221C00C1
:1091F00000E010080810E0000000312222110F00EA
:10920000000000C0C000000000000030300000007E
:1092100000000080000000000000806000000000EE
:109220000000804020100800000102040810200007
:109230004040404040404000040404040404040052
:1092400000081020408000000020100804020100E7
:10925000007048080808F0000000003036010000E7
:10926000C030C828E810E0000718272423140B009A
:109270000000C038E0000000203C23020227382014
:1092800008F8888888700000203F202020110E00F8
:10929000C0300808080838000718202020100800EF
:1092A00008F808080810E000203F202020100F00D8
:1092B00008F88888E8081000203F202023201800A4
:1092C00008F88888E8081000203F2000030000000C
:1092D000C03008080838000007182020221E0200AD
:1092E00008F808000008F808203F210101213F206C
:1092F000000808F8080800000020203F2020000097
:1093000000000808F8080800C08080807F00000086
:1093100008F888C028180800203F200126382000BF
:1093200008F8080000000000203F20202020300026
:1093300008F8F800F8F80800203F003F003F200040
:1093400008F830C00008F808203F200007183F0048
:10935000E01008080810E0000F10202020100F0077
:1093600008F808080808F000203F2101010100006A
:10937000E01008080810E0000F18242438504F00AF
:1093800008F8888888887000203F2000030C30206F
:1093900000708808080838000038202121221C00AD
:1093A000180808F8080818000000203F20000000F6
:1093B00008F808000008F808001F202020201F00DF
:1093C0000878880000C83808000007380E0100003F
:1093D000F80800F80008F800033C0700073C030009
:1093E000081868808068180820302C03032C30206F
:1093F0000838C800C83808000000203F20000000DE
:1094000010080808C8380800203826212020180035
:10941000000000FE020202000000007F4040400009
:10942000000C30C000000000000000010638C00041
:1094300000020202FE000000004040407F000000E9
:10944000000004020202040000000000000000000E
:10945000000000000000000080808080808080800C
:1094600000020204000000000000000000000000F4
:1094700000008080808000000019242222223F20EA
:1094800008F8008080000000003F112020110E002D
:109490000000008080800000000E112020201100BC
:1094A000000000808088F800000E112020103F206E
:1094B0000000808080800000001F222222221300F2
:1094C000008080F0888888180020203F202000003D
:1094D0000000808080808000006B949494936000F2
:1094E00000F8008080808000003F010000003F0005
:1094F00000809898000000000020203F20200000FD
:10950000000000809898000000C08080807F0000EC
:1095100008F8000080808000203F24022D302000C9
:10952000000808F8000000000020203F2020000074
:109530008080808080808000203F20003F20003F8E
:109540008080008080800000203F210000203F209C
:109550000000808080800000001F202020201F004D
:10956000808000808000000080FFA12020110E007C
:109570000000008080808000000E112020A0FF806D
:10958000808080008080800020203F21200001001A
:10959000000080808080800000332424242419006F
:1095A000008080E0808000000000001F202000007C
:1095B0008080000000808000001F202020103F20BD
:1095C000808080000080808000010E30080601004D
:1095D00080800080008080800F300C030C300F00F2
:1095E00000808000808080000020312E0E3120001D
:1095F000808080000080808080818E70180601004D
:1096000000808080808080000021302C222130006A
:1096100000000000807C020200000000003F40408B
:1096200000000000FF00000000000000FF0000003C
:109630000002027C800000000040403F000000006B
:109640000006010102020404000000000000000006
:1096500001030507090E10121416181C1E00C7007E
:10966000FC00E900E200E400E000E500E700EA00B9
:10967000EB00E800EF00EE00EC00C400C500C900FC
:10968000E600C600F400F600F200FB00F900FF005F
:10969000D600DC00A200A300A500A7209201E100F3
:1096A000ED00F300FA00F100D100AA00BA00BF00FB
:1096B0001023AC00BD00BC00A100AB00BB00912595
:1096C00092259325022524256125622556255525B9
:1096D0006325512557255D255C255B25102514251F
:1096E00034252C251C2500253C255E255F255A2583
:1096F000542569256625602550256C256725682534
:109700006425652559255825522553256B256A253D
:1097100018250C25882584258C2590258025B103C6
:10972000DF009303C003A303C303B500C403A60370
:109730009803A903B4031E22C603B503292261229C
:10974000B1006522642220232123F7004822B000C3
:109750001922B7001A227F20B200A025A000809A0B
:1097600090418E418F804545454949498E8F909261
:10977000924F994F555559999A9B9C9D9E9F41494F
:109780004F55A5A5A6A7A8A9AAABAC21AEAFB0B16D
:10979000B2B3B4B5B6B7B8B9BABBBCBDBEBFC0C131
:1097A000C2C3C4C5C6C7C8C9CACBCCCDCECFD0D121
:1097B000D2D3D4D5D6D7D8D9DADBDCDDDEDFE0E111
:1097C000E2E3E4E5E6E7E8E9EAEBECEDEEEFF0F101
:1097D000F2F3F4F5F6F7F8F9FAFBFCFDFEFF0000F2
:1097E000000001020304140000001400E80300005C
:1097F000E8030A0046415446535F4C4F4E475F4EC4
:10980000414D455F4F4B00303A2F70726F6A656370
:10981000745F6C6F675F323032365F30345F323284
:109820005F6465766963655F6764333266343730D9
:10983000766574365F626F6172645F615F636861F1
:109840006E6E656C5F30315F72756E5F30303031D7
:109850005F646174615F7265636F72645F6C6F6E89
:10986000675F6E616D655F64656D6F2E74787400FF
:10987000424F4F543A206764333020696E69742E2A
:109880002E2E0D0A00424F4F543A20616463206926
:109890006E69742E2E2E0D0A00424F4F543A2067E7
:1098A00064333020646F6E650D0A00424F4F543AA6
:1098B0002073746172740D0A00446174612056450E
:1098C00052494649434154494F4E204641494C452F
:1098D00044210D0A0057726974696E6720646174CF
:1098E0006120746F20616464726573732030782521
:1098F0006C583A20222573220D0A004461746120BD
:10990000726561643A2022252E2A73220D0A0052C4
:10991000656164696E6720646174612066726F6D51
:109920002061646472657373203078256C582E2E24
:109930002E0D0A00457261736520636865636B20B4
:109940004641494C45442E0D0A004572617365201D
:10995000636865636B205041535345442E20536523
:1099600063746F7220697320616C6C203078464696
:109970002E0D0A00446174612056455249464945FE
:10998000442120577269746520616E6420526561BC
:1099900064207375636365737366756C2E0D0A00BE
:1099A00053504920464C4153482054657374204518
:1099B0006E640D0A002B2C3B3D5B5D00222A3A3C75
:1099C0003E3F7C7F004641544653206C6F6E672DAE
:1099D0006E616D65206F70656E2872656164292007
:1099E0006661696C656420282564290D0A0046417A
:1099F000544653206C6F6E672D6E616D6520636CED
:109A00006F736528777269746529206661696C6572
:109A10006420282564290D0A004641544653206CD1
:109A20006F6E672D6E616D65206F70656E28777241
:109A300069746529206661696C656420282564293C
:109A40000D0A004641544653206C6F6E672D6E61BF
:109A50006D652072656164206661696C65642028AB
:109A60007265733D25642C2062723D2564290D0AC0
:109A7000004641544653206C6F6E672D6E616D65D4
:109A8000207772697465206661696C65642028724C
:109A900065733D25642C2062773D2564290D0A00FD
:109AA0004641544653206C6F6E672D6E616D652084
:109AB0006F70656E206661696C65643A2046525F1E
:109AC000494E56414C49445F4E414D452028656EF4
:109AD00061626C65204C464E20696E206666636F3D
:109AE0006E662E68290D0A004361726420547970F5
:109AF000653A205374616E646172642043617061E1
:109B00006369747920534420436172642056322E75
:109B1000300D0A004361726420547970653A205315
:109B200074616E6461726420436170616369747909
:109B300020534420436172642056312E310D0A00B7
:109B40004F454D2F4170706C69636174696F6E2071
:109B500049443A20307825580D0A004D616E7566EB
:109B6000616374757265722049443A2030782558D3
:109B70000D0A0050726F64756374205365726961D9
:109B80006C204E756D6265723A20307825303858F9
:109B90000D0A0050726F64756374205265766973A4
:109BA000696F6E3A2025642E25640D0A00464154E3
:109BB00046532046494C45206F70656E287265619A
:109BC0006429206661696C656421207265733D2596
:109BD000640D0A0046415446532046494C452072C4
:109BE000656164206661696C656421207265733DFE
:109BF00025642062723D2564206578706563743D3C
:109C000025640D0A004641544653206C6F6E672D43
:109C10006E616D6520766572696679206661696C32
:109C200065640D0A004361726420547970653A20BE
:109C3000486967682043617061636974792053449F
:109C400020436172640D0A0043617264205479708C
:109C5000653A204D756C74696D6564696120436176
:109C600072640D0A004361726420547970653A2071
:109C700048696768205370656564204D756C746928
:109C80006D6564696120436172640D0A004361720D
:109C90006420547970653A20486967682043617090
:109CA0006163697479204D756C74696D656469616F
:109CB00020436172640D0A0043617264205479701C
:109CC000653A20556E6B6E6F776E0D0A00464154F3
:109CD0004653206C6F6E672D6E616D652050415349
:109CE000533A2025730D0A0050726F647563742017
:109CF0004E616D653A2025730D0A00464154465366
:109D000020526561642046696C6520537563636504
:109D10007373210D0A54686520636F6E74656E74E9
:109D20002069733A25730D0A000D0A232320426C23
:109D30006F636B2073697A65206973202564422004
:109D40002323000D0A232320426C6F636B20636F73
:109D5000756E74206973202564202323000D0A2367
:109D600023204465766963652073697A6520697389
:109D70002025644B422028252E3266474229232382
:109D8000003F00303A2F46415446532E5458540059
:109D900048656C6C6F2066726F6D2053544D333282
:109DA00020746F2053504920464C41534821204D88
:109DB0006963726F756E696F6E2053747564696F35
:109DC0002054657374202D2031323334352E000039
:109DD000410042004300440045004600470048005F
:109DE00049004A004B004C004D004E004F0050000F
:109DF00051005200530054005500560057005800BF
:109E000059005A002100E0FFE1FFE5FFE2FFE3FF18
:109E1000C000C100C200C300C400C500C600C70026
:109E2000C800C900CA00CB00CC00CD00CE00CF00D6
:109E3000D000D100D200D300D400D500D600D80085
:109E4000D900DA00DB00DC00DD00DE007801000173
:109E500002010401060108010A010C010E011001B2
:109E600012011401160118011A011C011E01200122
:109E700022012401260128012A012C012E01300192
:109E800032013401360139013B013D013F014101FD
:109E90004301450147014A014C014E015001520165
:109EA0005401560158015A015C015E0160016201D2
:109EB0006401660168016A016C016E017001720142
:109EC0007401760179017B017D0191019103920377
:109ED00093039403950396039703980399039A03B6
:109EE0009B039C039D039E039F03A003A103A30365
:109EF000A403A503A603A703A803A903AA031004A8
:109F0000110412041304140415041604170418048D
:109F100019041A041B041C041D041E041F0420043D
:109F200021042204230424042504260427042804ED
:109F300029042A042B042C042D042E042F040104CC
:109F400002040304040405040604070408040904C5
:109F50000A040B040C040E040F0460216121622129
:109F600063216421652166216721682169216A21B5
:109F70006B216C216D216E216F2121FF22FF23FFB8
:109F800024FF25FF26FF27FF28FF29FF2AFF2BFF9D
:109F90002CFF2DFF2EFF2FFF30FF31FF32FF33FF4D
:109FA00034FF35FF36FF37FF38FF39FF3AFF000037
:109FB000610062006300640065006600670068007D
:109FC00069006A006B006C006D006E006F0070002D
:109FD00071007200730074007500760077007800DD
:109FE00079007A00A100A200A300A500AC00AF0098
:109FF000E000E100E200E300E400E500E600E70045
:10A00000E800E900EA00EB00EC00ED00EE00EF00F4
:10A01000F000F100F200F300F400F500F600F800A3
:10A02000F900FA00FB00FC00FD00FE00FF0001014A
:10A0300003010501070109010B010D010F011101C8
:10A0400013011501170119011B011D011F01210138
:10A0500023012501270129012B012D012F013101A8
:10A060003301350137013A013C013E014001420113
:10A070004401460148014B014D014F01510153017B
:10A080005501570159015B015D015F0161016301E8
:10A090006501670169016B016D016F017101730158
:10A0A000750177017A017C017E019201B103B2034F
:10A0B000B303B403B503B603B703B803B903BA03D4
:10A0C000BB03BC03BD03BE03BF03C003C103C30383
:10A0D000C403C503C603C703C803C903CA033004C6
:10A0E00031043204330434043504360437043804AC
:10A0F00039043A043B043C043D043E043F0440045C
:10A10000410442044304440445044604470448040B
:10A1100049044A044B044C044D044E044F045104BA
:10A120005204530454045504560457045804590463
:10A130005A045B045C045E045F0470217121722187
:10A1400073217421752176217721782179217A2153
:10A150007B217C217D217E217F2141FF42FF43FF26
:10A1600044FF45FF46FF47FF48FF49FF4AFF4BFFBB
:10A170004CFF4DFF4EFF4FFF50FF51FF52FF53FF6B
:10A1800054FF55FF56FF57FF58FF59FF5AFF000075
:10A19000B8A1000800000020400100007808000875
:10A1A00028A2000840010020802A000060850008E5
:10A1B000B171FFFF0000000011341C4E0E02140F9D
:10A1C00013E6970B1908011C0A19021C0A19031C33
:10A1D0000A19041C0A19051C0A19061C17AED58099
:10A1E000A81FD317408D14A1C8DA100B8180D91F86
:10A1F000DB40A4AFFF4019C13B1946C85113CD1530
:10A20000730864131D4A73080A3B69217C518BED66
:10A21000810C13AD585B08F43D321D290B3A010245
:08A220006100000000000000D5
:04000005080001AD41
:00000001FF
